station,year_month,PM2.5,PM10,SO2,NO2,CO,O3,AQI,AQI_cat
Aotizhongxin,2013-03-01,110.09274193548387,144.62298387096774,44.94506774193548,74.81740873655914,1477.730510752688,68.16384354838709,147.80229934715823,Lightly Polluted
Aotizhongxin,2013-04-01,62.75138888888889,108.20416666666667,24.796645555555553,53.50137361111111,910.0125,81.85435666666667,98.30425507936508,Good
Aotizhongxin,2013-05-01,85.39448924731182,140.77822580645162,30.442204301075268,61.016129032258064,944.5282258064516,141.85707688172045,127.69854105867707,Lightly Polluted
Aotizhongxin,2013-06-01,106.20347222222222,128.71666666666667,14.627276111111112,72.7983223611111,1295.1645833333334,139.31790187500002,155.44919230385727,Moderately Polluted
Aotizhongxin,2013-07-01,68.91129032258064,85.27150537634408,9.285232258064516,55.10538172043011,820.551747311828,140.83643225806452,117.24246387565415,Lightly Polluted
Aotizhongxin,2013-08-01,62.2896505376344,84.45564516129032,6.918245698924731,56.34550282258064,776.9489247311828,148.54941048387096,114.57456848846438,Lightly Polluted
Aotizhongxin,2013-09-01,79.32708333333333,104.82222222222222,13.816618888888888,64.15768152777778,1064.4388888888889,88.274145,113.745042204735,Lightly Polluted
Aotizhongxin,2013-10-01,95.28225806451613,120.08602150537634,22.425481720430106,73.61059637096774,1099.3951612903227,46.99143709677419,131.53940807411675,Lightly Polluted
Aotizhongxin,2013-11-01,77.28263888888888,105.63333333333334,25.961111111111112,59.95138888888889,1459.1666666666667,34.531533025193795,108.84890873015873,Lightly Polluted
Aotizhongxin,2013-12-01,76.72177419354838,106.6760752688172,42.28986559139785,62.154011223118275,1793.6155913978494,29.758501612903228,109.85938146841397,Lightly Polluted
Aotizhongxin,2014-01-01,95.37903225806451,125.41868279569891,58.357526881720425,66.71975806451613,1863.3064516129032,30.41733870967742,129.04928475422426,Lightly Polluted
Aotizhongxin,2014-02-01,149.55580357142858,156.28720238095238,57.367559523809526,67.56547619047619,2140.848214285714,34.97633928571428,188.7005474064626,Moderately Polluted
Aotizhongxin,2014-03-01,98.93817204301074,146.84005376344084,36.61693548387097,68.69220430107528,1386.4247311827955,74.86088709677419,138.75059523809523,Lightly Polluted
Aotizhongxin,2014-04-01,102.76597222222222,168.06319444444443,19.891666666666666,67.38055555555556,888.3333333333334,113.71666666666667,145.2950873778999,Lightly Polluted
Aotizhongxin,2014-05-01,71.40201612903226,134.25416666666666,15.475403225806451,56.23185483870968,801.0752688172042,143.29435483870967,112.7111225244591,Lightly Polluted
Aotizhongxin,2014-06-01,60.009722222222216,61.327777777777776,6.297222222222222,51.29305555555555,698.9583333333334,163.16458333333333,113.8263181909898,Lightly Polluted
Aotizhongxin,2014-07-01,93.21505376344085,93.21505376344085,4.495295698924731,48.71706989247311,801.4784946236558,159.98790322580646,142.3483491972762,Lightly Polluted
Aotizhongxin,2014-08-01,68.12970430107528,83.50551075268818,4.037096774193548,54.89677419354839,719.758064516129,158.54153225806454,116.3194340770629,Lightly Polluted
Aotizhongxin,2014-09-01,69.97680555555556,102.71430555555555,5.545833333333333,64.63763888888889,910.5555555555555,90.08044871794871,104.8508974811676,Lightly Polluted
Aotizhongxin,2014-10-01,130.43548387096774,164.88306451612902,10.828629032258064,88.70631720430109,1304.7043010752689,48.4247311827957,172.99859621015744,Moderately Polluted
Aotizhongxin,2014-11-01,93.80291666666668,132.3525,17.151666666666664,78.9011111111111,1596.6666666666667,30.510416666666668,131.41854662698412,Lightly Polluted
Aotizhongxin,2014-12-01,48.1021505376344,101.01881720430107,24.392473118279568,44.961021505376344,1199.7983870967741,34.539994373593395,82.69944956477215,Good
Aotizhongxin,2015-01-01,91.04986559139785,114.62916666666666,37.94690860215054,69.08387096774193,2046.9086021505375,35.60282258064516,123.88636232718895,Lightly Polluted
Aotizhongxin,2015-02-01,85.18824404761904,123.13169642857143,30.427083333333332,56.623511904761905,1506.3988095238094,73.49330357142857,123.0646529066172,Lightly Polluted
Aotizhongxin,2015-03-01,87.53803763440861,155.76505376344085,22.835819892473115,61.18931451612904,1249.7983870967741,94.38709677419355,130.4856710829493,Lightly Polluted
Aotizhongxin,2015-04-01,77.26805555555555,135.23819444444445,9.659583333333332,54.64347222222222,816.7361111111111,129.05208333333334,116.34396396805597,Lightly Polluted
Aotizhongxin,2015-05-01,59.19018817204301,110.34677419354838,8.680779569892474,47.81989247311827,762.8360215053764,163.3991935483871,114.6514189006652,Lightly Polluted
Aotizhongxin,2015-06-01,61.882638888888884,86.42430555555555,7.3381944444444445,45.45763888888889,1046.5972222222222,171.78541666666666,121.65936964988872,Lightly Polluted
Aotizhongxin,2015-07-01,66.29368279569891,83.59072580645162,5.737231182795699,52.339381720430104,844.2876344086022,207.32862903225808,144.05059249794607,Lightly Polluted
Aotizhongxin,2015-08-01,46.73118279569893,71.12701612903226,4.158602150537634,43.236559139784944,869.6908602150538,166.40725806451613,109.32606110591392,Lightly Polluted
Aotizhongxin,2015-09-01,52.47013888888889,72.28194444444443,5.81875,59.83055555555555,990.2777777777777,123.32916666666667,94.71787712934429,Good
Aotizhongxin,2015-10-01,77.81586021505376,97.38440860215053,6.366935483870968,72.10618279569891,1181.989247311828,84.62096774193549,118.86295122887864,Lightly Polluted
Aotizhongxin,2015-11-01,122.78819444444443,130.45763888888888,10.518055555555556,78.54305555555555,2443.4375,27.541666666666668,159.36294146825398,Moderately Polluted
Aotizhongxin,2015-12-01,153.67271505376343,166.0201612903226,23.540994623655916,89.80712365591398,3475.907258064516,33.66532258064516,183.7703149001536,Moderately Polluted
Aotizhongxin,2016-01-01,67.66599462365592,86.4630376344086,22.913306451612904,55.765456989247305,1807.6612903225807,45.94153225806452,100.15614439324116,Lightly Polluted
Aotizhongxin,2016-02-01,44.70330459770115,61.35057471264367,18.127873563218394,33.321120689655174,1007.6867816091955,72.15517241379311,72.89403735632183,Good
Aotizhongxin,2016-03-01,103.17809139784946,154.74193548387098,22.306451612903224,48.479166666666664,1375.470430107527,86.74193548387096,145.8666473027155,Lightly Polluted
Aotizhongxin,2016-04-01,71.10972222222222,114.93472222222222,11.411805555555556,35.53541666666667,762.9166666666666,122.69791666666667,106.55711389011178,Lightly Polluted
Aotizhongxin,2016-05-01,53.36290322580645,76.12768817204302,9.450940860215054,30.79301075268817,660.1478494623656,171.41129032258064,117.66403557806906,Lightly Polluted
Aotizhongxin,2016-06-01,57.29861111111111,71.73333333333333,5.504166666666666,28.195138888888888,735.2083333333334,194.95833333333334,135.15336768504784,Lightly Polluted
Aotizhongxin,2016-07-01,71.14247311827957,76.94556451612904,3.440860215053763,34.73790322580645,847.7822580645161,183.70455955334987,132.42297599543704,Lightly Polluted
Aotizhongxin,2016-08-01,46.25672043010753,49.30981182795699,2.682795698924731,39.45564516129032,754.3010752688172,161.41129032258064,110.01715393825353,Lightly Polluted
Aotizhongxin,2016-09-01,55.826388888888886,68.50208333333333,3.0395833333333333,48.53055555555555,681.3194444444445,122.89722222222221,94.12811622486213,Good
Aotizhongxin,2016-10-01,85.3635752688172,99.51142473118279,3.317876344086021,64.00873655913978,1128.8306451612902,56.15120967741935,117.30354742703533,Lightly Polluted
Aotizhongxin,2016-11-01,100.30277777777776,126.18194444444445,9.785416666666666,74.54305555555555,1942.2222222222222,31.495833333333334,135.3046130952381,Lightly Polluted
Aotizhongxin,2016-12-01,132.3239247311828,145.52755376344086,18.055779569892472,86.27217741935483,2546.6397849462364,32.28225806451613,171.2384984639017,Moderately Polluted
Aotizhongxin,2017-01-01,115.56182795698925,127.99865591397848,20.39516129032258,71.29771505376344,2059.8790322580644,55.28225806451613,154.67763056835636,Moderately Polluted
Aotizhongxin,2017-02-01,70.92708333333333,83.72693452380952,21.305803571428573,60.61830357142857,1230.8779761904764,80.98883928571429,106.98676622131904,Lightly Polluted
Changping,2013-03-01,98.91666666666666,123.43010752688171,34.977694623655914,59.38982177419355,1386.2620967741937,80.40445483870968,134.2399617439923,Lightly Polluted
Changping,2013-04-01,59.44444444444444,90.16180555555555,16.716323333333335,36.71878888888889,776.1243055555556,100.32490750000001,90.33281095675277,Good
Changping,2013-05-01,82.98252688172043,118.16801075268818,23.327701075268816,37.745093548387096,776.6935483870968,159.6286830645161,127.82863800624379,Lightly Polluted
Changping,2013-06-01,81.06111111111112,102.31666666666666,14.018699444444445,31.729585416666666,1091.1123106060606,148.88254833333335,144.38329180106146,Lightly Polluted
Changping,2013-07-01,61.97715053763441,64.95161290322581,6.55028064516129,24.684136155913976,823.6715542521994,145.98755,117.82951702672283,Lightly Polluted
Changping,2013-08-01,55.350806451612904,67.4361559139785,7.047229032258064,23.858520698924732,783.9381720430107,168.54225000000002,120.4721605589599,Lightly Polluted
Changping,2013-09-01,73.30277777777778,82.97638888888888,6.754639999999999,41.9419725,967.0763888888888,105.91426833333334,110.40422794072688,Lightly Polluted
Changping,2013-10-01,82.48924731182795,99.90524193548387,12.535789247311827,55.5175310483871,962.7016129032259,55.56287580645161,114.26529781105991,Lightly Polluted
Changping,2013-11-01,60.77916666666667,81.325,24.884736666666665,47.65176611111111,1102.2916666666667,42.896393333333336,87.20716365079366,Good
Changping,2013-12-01,67.14516129032258,80.84005376344085,44.07783010752688,50.180956989247306,1554.9059139784947,39.881499999999996,94.47077188940092,Good
Changping,2014-01-01,88.14717741935483,110.27217741935483,57.946908602150536,56.318548387096776,2293.615591397849,40.284274193548384,120.06113191244239,Lightly Polluted
Changping,2014-02-01,144.25372023809524,150.3125,62.39434523809524,60.23139880952381,2166.592261904762,41.25476190476191,182.96530080782313,Moderately Polluted
Changping,2014-03-01,86.0,127.84946236559139,34.607526881720425,53.670026881720425,1308.0645161290322,75.90725806451613,124.84368279569892,Lightly Polluted
Changping,2014-04-01,103.95902777777778,142.1201388888889,15.792361111111111,49.172916666666666,879.0972222222223,128.65160256410257,144.2631690402347,Lightly Polluted
Changping,2014-05-01,53.94569892473118,100.35282258064517,12.308736559139785,36.318548387096776,744.3548387096774,150.34274193548387,104.89883563610381,Lightly Polluted
Changping,2014-06-01,46.04375,60.49583333333333,5.326388888888888,31.391666666666666,692.2916666666666,175.04285714285714,116.31075712481963,Lightly Polluted
Changping,2014-07-01,76.96975806451613,101.93548387096774,5.544354838709677,32.65524193548387,878.8306451612904,193.14359318996415,150.06393526671988,Moderately Polluted
Changping,2014-08-01,56.55013440860215,75.97379032258064,4.777822580645162,35.98413978494623,746.9086021505377,187.4467741935484,129.97853342400214,Lightly Polluted
Changping,2014-09-01,60.41875,78.76597222222223,5.346527777777778,35.160833333333336,913.2638888888889,117.29041666666667,97.2632134373395,Good
Changping,2014-10-01,118.40120967741936,138.2715053763441,6.497983870967742,56.986559139784944,1260.6854838709678,58.068811360448805,154.6564756144393,Moderately Polluted
Changping,2014-11-01,76.82694444444445,118.80972222222222,17.812638888888888,56.53013888888889,1502.8472222222222,41.15416666666667,109.17168650793651,Lightly Polluted
Changping,2014-12-01,52.256048387096776,89.33400537634408,29.315188172043012,48.20161290322581,1433.6693548387098,43.483870967741936,81.7429675499232,Good
Changping,2015-01-01,96.25793010752689,114.70618279569892,37.2755376344086,63.211693548387096,2050.3360215053763,41.33870967741935,127.30616839477726,Lightly Polluted
Changping,2015-02-01,86.73660714285714,116.95386904761904,28.745535714285715,44.52157738095239,1418.8244047619048,60.96205357142857,122.25972045068026,Lightly Polluted
Changping,2015-03-01,78.03662634408602,143.99220430107528,20.89690860215054,47.59912634408602,1151.0752688172045,87.05107526881721,118.33729358678956,Lightly Polluted
Changping,2015-04-01,61.25347222222222,100.21111111111112,6.1090277777777775,36.102777777777774,678.3333333333334,118.6375,95.3708306582777,Good
Changping,2015-05-01,54.556451612903224,87.32526881720429,6.018817204301075,28.278897849462364,636.491935483871,143.67943548387098,98.7399073521697,Good
Changping,2015-06-01,58.05486111111111,75.13541666666667,4.554861111111111,24.233333333333334,772.7083333333334,151.2095674918951,108.54318220955696,Lightly Polluted
Changping,2015-07-01,56.08467741935484,66.59610215053763,4.264784946236559,23.262096774193548,604.5698924731183,171.61290322580646,115.51304093323297,Lightly Polluted
Changping,2015-08-01,38.62096774193548,57.03360215053763,2.75,22.390456989247312,502.3521505376344,153.51612903225808,97.95307145614434,Good
Changping,2015-09-01,42.927083333333336,50.77291666666667,4.153472222222222,38.10555555555556,736.3194444444445,104.73363095238095,74.91319811309218,Good
Changping,2015-10-01,43.758736559139784,61.579973118279575,4.882392473118279,48.39314516129032,876.0752688172042,67.63785282258064,74.53206703605655,Good
Changping,2015-11-01,90.53958333333334,99.22222222222221,7.538888888888889,59.47291666666667,1870.763888888889,23.020833333333332,120.59397321428573,Lightly Polluted
Changping,2015-12-01,120.16935483870968,146.53024193548387,14.055779569892474,76.89448924731182,2657.0564516129034,21.66532258064516,163.5406009984639,Moderately Polluted
Changping,2016-01-01,54.682123655913976,80.87836021505376,16.43010752688172,55.33736559139785,1495.4301075268816,38.99596774193548,87.1733150921659,Good
Changping,2016-02-01,38.41954022988505,58.59626436781609,13.023706896551724,43.88433908045977,943.8936781609194,61.525862068965516,70.16099651067324,Good
Changping,2016-03-01,73.0524193548387,125.04301075268818,12.563844086021506,60.39314516129032,1142.3387096774193,68.46068548387096,114.14791666666666,Lightly Polluted
Changping,2016-04-01,56.84861111111112,106.52916666666667,7.497916666666667,43.351388888888884,746.1111111111111,102.42708333333333,94.34496076839827,Good
Changping,2016-05-01,50.92352150537634,80.19059139784946,6.170430107526881,34.45981182795699,593.5349462365591,150.40725806451613,103.91160883727026,Lightly Polluted
Changping,2016-06-01,52.90680555555556,67.3488888888889,3.9412499999999997,31.72486111111111,649.5277777777777,167.58604166666666,109.05636984249273,Lightly Polluted
Changping,2016-07-01,54.8635752688172,67.90591397849462,3.088709677419355,27.223790322580644,956.3844086021505,169.17540322580646,113.47346606145813,Lightly Polluted
Changping,2016-08-01,36.66599462365591,52.62163978494623,2.8944892473118276,27.816532258064512,879.502688172043,136.42741935483872,87.99257853273026,Good
Changping,2016-09-01,44.55694444444444,57.21597222222223,3.323611111111111,36.924305555555556,792.7777777777777,107.0640625,75.63766240931562,Good
Changping,2016-10-01,79.75201612903226,96.27956989247312,3.4284946236559137,53.51814516129032,1166.0618279569892,50.11088709677419,110.17957949308756,Lightly Polluted
Changping,2016-11-01,85.78611111111111,119.6875,10.006527777777778,61.88263888888889,1797.7777777777776,24.533333333333335,115.15215773809524,Lightly Polluted
Changping,2016-12-01,109.81922043010753,125.61693548387096,15.423387096774194,69.60483870967742,2364.650537634409,26.03326612903226,144.33427899385563,Lightly Polluted
Changping,2017-01-01,98.30779569892472,113.94086021505376,17.094086021505376,55.39583333333333,1901.3440860215053,41.91129032258065,130.40990303379414,Lightly Polluted
Changping,2017-02-01,59.31547619047619,72.24032738095238,15.697916666666668,46.16443452380952,1131.0267857142858,56.59672619047619,85.46000744047619,Good
Dingling,2013-03-01,95.70564516129032,109.64516129032258,24.388039784946237,45.89797473118279,1014.5712365591397,88.1914,131.7635258012445,Lightly Polluted
Dingling,2013-04-01,55.7,81.67395833333333,13.64971455026455,25.760234538113696,641.6433139534885,101.1003153030303,87.31870617769707,Good
Dingling,2013-05-01,70.63373655913979,111.59845430107528,17.4210595750128,26.811987946986747,765.4244811202801,155.088836359166,115.73062767574598,Lightly Polluted
Dingling,2013-06-01,86.34232456140352,87.86593567251461,7.789619259259259,20.78387614197531,1131.5077651515153,144.05785520833334,134.10562256871634,Lightly Polluted
Dingling,2013-07-01,57.91334182229768,60.40191709111488,4.081229211469534,15.84651986260454,820.5509530791788,139.32073350439885,109.11435790510022,Lightly Polluted
Dingling,2013-08-01,49.791666666666664,51.28360215053764,4.807795698924731,12.202284946236558,692.741935483871,151.30241935483872,105.40237883699133,Lightly Polluted
Dingling,2013-09-01,63.535037878787875,62.623926767676764,5.463482716049382,22.078757098765433,866.1055555555556,96.77948657608697,93.65568168060753,Good
Dingling,2013-10-01,72.9714687194526,87.40224828934507,11.345827479091996,37.195026127538824,1500.0,57.38791341164095,101.23212995391705,Lightly Polluted
Dingling,2013-11-01,47.30694444444444,71.73194444444444,19.334163333333333,40.76356208333333,941.1805555555555,52.50431125,73.8724544593254,Good
Dingling,2013-12-01,51.85416666666667,64.24663978494624,30.96564193548387,40.16465174731183,1020.8333333333333,53.38905,76.30463859447003,Good
Dingling,2014-01-01,73.08400537634408,100.42405913978493,37.049731182795696,38.66263440860215,1183.0645161290322,55.282470288624786,101.11022389643463,Lightly Polluted
Dingling,2014-02-01,158.68824404761904,148.22172619047618,37.61904761904761,43.98958333333333,1790.1785714285713,45.79151785714286,200.71060267857143,Heavily Polluted
Dingling,2014-03-01,83.51478494623655,112.92540322580645,22.844086021505376,30.081317204301072,1099.8655913978496,95.12051971326166,118.77742277200656,Lightly Polluted
Dingling,2014-04-01,90.14027777777777,116.9125,11.447222222222223,30.0625,684.5833333333334,150.37083333333334,131.68191468253968,Lightly Polluted
Dingling,2014-05-01,48.09252199413489,72.52963098729228,9.233003421309872,17.715676930596285,454.58822091886606,163.11693548387098,105.3390846755419,Lightly Polluted
Dingling,2014-06-01,39.63453282828282,42.847853535353536,4.231313131313131,13.69810606060606,449.77272727272725,177.59753787878788,117.40182234790483,Lightly Polluted
Dingling,2014-07-01,79.5845430107527,89.14697580645162,4.863037634408602,16.454973118279568,787.7016129032259,196.99136227071472,147.83368191830144,Lightly Polluted
Dingling,2014-08-01,51.40712365591398,67.1130376344086,4.608198924731182,18.647311827956987,656.6532258064516,185.63387096774193,128.1095131649706,Lightly Polluted
Dingling,2014-09-01,54.02583333333334,70.94527777777778,5.157638888888888,19.740416666666665,710.6944444444445,118.03833333333334,90.7225747830912,Good
Dingling,2014-10-01,116.9146505376344,126.30913978494624,6.530241935483871,35.149193548387096,1012.5,74.20766129032258,151.318356374808,Moderately Polluted
Dingling,2014-11-01,71.24555555555555,90.00819444444444,15.718055555555555,38.6,982.2222222222222,50.7875,98.70420634920634,Good
Dingling,2014-12-01,47.88754480286738,65.29054659498208,20.635528673835125,26.9502688172043,940.3001792114695,56.48239247311828,73.17698526991441,Good
Dingling,2015-01-01,84.92213261648746,92.94184587813619,27.902240143369177,44.88884408602151,1460.7078853046596,50.931451612903224,113.87337589605735,Lightly Polluted
Dingling,2015-02-01,81.00744047619047,104.46577380952381,23.548363095238095,27.604166666666664,1201.4136904761906,77.80803571428571,116.62645620748299,Lightly Polluted
Dingling,2015-03-01,75.05604838709677,126.24240591397849,14.79516129032258,26.600067204301077,896.505376344086,104.40120967741936,115.11425943463772,Lightly Polluted
Dingling,2015-04-01,56.341388888888886,92.873125,6.5031944444444445,20.56034722222222,528.2638888888889,132.571875,96.3344649582997,Good
Dingling,2015-05-01,45.88911290322581,84.57123655913979,6.60752688172043,15.971102150537634,542.8091397849462,162.24747983870967,107.36941388380878,Lightly Polluted
Dingling,2015-06-01,51.02888888888889,68.78138888888888,6.7444444444444445,15.535694444444443,633.2638888888889,174.92083333333332,122.12931837196498,Lightly Polluted
Dingling,2015-07-01,49.486559139784944,63.92916666666666,4.914650537634408,17.339381720430108,481.6532258064516,163.18951612903226,111.24637825346952,Lightly Polluted
Dingling,2015-08-01,35.079301075268816,57.196236559139784,5.745967741935484,13.968413978494622,613.1048387096774,166.28427419354838,108.27154443038222,Lightly Polluted
Dingling,2015-09-01,37.770833333333336,48.25138888888889,3.8388888888888886,17.435416666666665,586.5972222222223,124.40625,79.21499903697996,Good
Dingling,2015-10-01,52.4771505376344,66.85147849462366,7.866263440860215,25.055779569892472,842.2715053763442,93.40725806451613,83.35106518003593,Good
Dingling,2015-11-01,85.22638888888888,90.47222222222221,12.604166666666666,45.202083333333334,1749.6527777777776,29.31875,113.64496527777777,Lightly Polluted
Dingling,2015-12-01,118.69153225806451,128.440188172043,15.479166666666666,51.49327956989247,2042.4059139784945,38.80443548387097,153.9711453533026,Moderately Polluted
Dingling,2016-01-01,53.200940860215056,72.21975806451613,15.485887096774194,29.844086021505376,1336.22311827957,59.20833333333333,82.74962831906956,Good
Dingling,2016-02-01,35.36206896551724,51.548132183908045,9.6558908045977,14.520114942528735,670.2586206896551,82.69396551724138,64.52868431855501,Good
Dingling,2016-03-01,82.6633064516129,131.86962365591395,12.381720430107526,33.66935483870968,995.497311827957,90.09677419354838,126.24931282381735,Lightly Polluted
Dingling,2016-04-01,60.83541666666667,117.0798611111111,7.008333333333334,26.356944444444444,670.1388888888889,123.2625,101.24462952007974,Lightly Polluted
Dingling,2016-05-01,52.6021505376344,85.68548387096774,3.990591397849462,18.961021505376344,467.40591397849465,191.48702664796633,132.14323933415673,Lightly Polluted
Dingling,2016-06-01,49.05555555555556,63.78611111111111,3.3944444444444444,20.166666666666668,556.25,181.6375,122.02385668121897,Lightly Polluted
Dingling,2016-07-01,57.368951612903224,62.288978494623656,2.612231182795699,14.526881720430106,694.4957509538675,217.72238439838097,134.3901179276207,Lightly Polluted
Dingling,2016-08-01,37.19018817204301,44.631048387096776,2.2143817204301075,8.603494623655914,634.9397329171003,135.38978494623655,85.05164531454513,Good
Dingling,2016-09-01,42.233333333333334,49.88333333333333,3.0152777777777775,12.404166666666667,450.13888888888886,114.87983630952381,75.35884413520802,Good
Dingling,2016-10-01,97.02486559139786,82.78024193548387,2.9912634408602146,24.923387096774192,854.5698924731183,65.55645161290323,127.88974035556578,Lightly Polluted
Dingling,2016-11-01,75.79722222222222,99.72222222222221,9.015277777777778,44.575,1326.388888888889,45.891666666666666,104.17375992063492,Lightly Polluted
Dingling,2016-12-01,94.77217741935483,105.36290322580645,14.186827956989246,55.314516129032256,1764.9865591397847,44.90725806451613,125.16637791598322,Lightly Polluted
Dingling,2017-01-01,81.66666666666666,91.39381720430109,13.906586021505378,40.23790322580645,1410.9543010752686,63.49193548387097,111.67399193548387,Lightly Polluted
Dingling,2017-02-01,53.46279761904761,64.28050595238095,12.536458333333332,27.665178571428573,875.9672619047618,83.55803571428571,83.97284226190477,Good
Dongsi,2013-03-01,108.41397849462365,131.5793010752688,39.964802150537636,76.90098629032258,1553.0006720430108,81.54553548387096,146.33750859254994,Lightly Polluted
Dongsi,2013-04-01,65.28055555555555,98.57222222222222,22.36589777777778,43.79480652777777,958.8694444444444,110.63597416666667,100.20043770063681,Lightly Polluted
Dongsi,2013-05-01,91.39247311827957,131.98521505376343,31.58736559139785,52.1747311827957,1167.440188172043,166.14756612903227,131.25674587868846,Lightly Polluted
Dongsi,2013-06-01,109.45277777777777,115.71111111111112,20.78842888888889,56.00783423611111,1182.7620059288536,159.78865249999998,158.98472064937408,Moderately Polluted
Dongsi,2013-07-01,72.96774193548387,79.99059139784947,8.814829032258064,47.38677204301075,955.368906455863,156.22908851867572,124.04381346839453,Lightly Polluted
Dongsi,2013-08-01,63.98924731182796,85.6888440860215,9.86305053763441,43.16316586021505,1061.3251200646012,224.76229677419354,142.11860341157342,Lightly Polluted
Dongsi,2013-09-01,85.27083333333333,99.94722222222222,11.976084444444444,60.01042326388889,1394.0916666666667,111.69286416666667,122.50137737544941,Lightly Polluted
Dongsi,2013-10-01,102.6149193548387,108.55779569892472,23.101188172043013,71.79813998655915,1359.005376344086,66.00898306451613,137.28323565908218,Lightly Polluted
Dongsi,2013-11-01,82.94166666666666,99.45,27.19861111111111,59.895833333333336,2122.1551404077227,41.58320583333333,119.19258519932882,Lightly Polluted
Dongsi,2013-12-01,85.68145161290323,94.55510752688173,40.992558064516125,61.830057862903224,1505.105240465645,38.92239274193548,117.65128135800691,Lightly Polluted
Dongsi,2014-01-01,104.1377688172043,112.14314516129032,56.6875,49.18839357106202,1876.4784946236557,38.63306451612903,137.63030913978494,Lightly Polluted
Dongsi,2014-02-01,154.6547619047619,151.33630952380955,63.292410714285715,94.36061783203847,2166.8898809523807,54.035714285714285,205.80041807996784,Heavily Polluted
Dongsi,2014-03-01,99.87096774193549,130.27822580645162,38.00739247311827,61.23185483870967,1502.486559139785,90.10483870967742,135.79093701996928,Lightly Polluted
Dongsi,2014-04-01,89.88125,147.8138888888889,20.654166666666665,55.76736111111111,997.3611111111111,131.99583333333334,131.92160287041114,Lightly Polluted
Dongsi,2014-05-01,63.65443548387096,123.44193548387096,17.620698924731183,45.22654569892473,960.0134408602149,145.19959677419354,110.26168978358528,Lightly Polluted
Dongsi,2014-06-01,57.704166666666666,76.93333333333334,8.259027777777778,45.368402777777774,957.3611111111111,166.28194444444443,116.12448707718835,Lightly Polluted
Dongsi,2014-07-01,98.87365591397848,98.87365591397848,9.30241935483871,43.2755376344086,1060.483870967742,155.65322580645162,146.09483994340815,Lightly Polluted
Dongsi,2014-08-01,69.45860215053763,81.76895161290322,7.559677419354839,47.70174731182796,1000.6720430107526,162.00282258064516,120.45989827786575,Lightly Polluted
Dongsi,2014-09-01,67.66444444444444,94.88944444444445,9.969583333333333,55.83861111111111,1163.888888888889,106.99833333333332,104.82633634315309,Lightly Polluted
Dongsi,2014-10-01,116.89314516129032,158.37701612903226,11.910618279569894,77.9388440860215,1517.741935483871,56.53629032258065,156.7896217357911,Moderately Polluted
Dongsi,2014-11-01,81.74805555555555,134.36555555555555,19.36236111111111,64.75361111111111,1731.8055555555554,40.452083333333334,117.55617063492063,Lightly Polluted
Dongsi,2014-12-01,55.891263440860214,101.97163978494623,30.42029569892473,52.07352150537635,1678.5618279569892,44.54390681003584,90.22637768817204,Good
Dongsi,2015-01-01,101.0108870967742,116.69314516129032,36.11868279569892,64.31102150537635,1974.529569892473,41.471774193548384,134.13630472350232,Lightly Polluted
Dongsi,2015-02-01,108.99627976190477,129.12425595238093,28.621279761904763,50.83482142857143,1532.2172619047617,54.732142857142854,146.93016581632654,Lightly Polluted
Dongsi,2015-03-01,93.3440188172043,169.27977150537635,23.866733870967742,51.94764784946236,1356.1155913978496,82.63306451612904,143.58910330261136,Lightly Polluted
Dongsi,2015-04-01,77.17430555555555,123.99444444444444,12.20347222222222,45.27222222222222,850.7638888888889,118.49895833333333,110.04826591428815,Lightly Polluted
Dongsi,2015-05-01,60.3125,92.43548387096774,11.22983870967742,39.788978494623656,763.1720430107526,147.57795698924733,104.13103666369625,Lightly Polluted
Dongsi,2015-06-01,66.44027777777778,82.57930555555555,8.666666666666666,39.065972222222214,1159.5833333333333,153.08416666666665,112.98579511060974,Lightly Polluted
Dongsi,2015-07-01,69.10282258064517,82.71236559139786,5.247311827956989,37.868951612903224,957.3924731182796,164.43951612903226,116.86262593225074,Lightly Polluted
Dongsi,2015-08-01,49.578629032258064,68.97647849462366,3.788306451612903,33.04032258064516,840.3897849462365,151.73790322580646,99.15253057551615,Good
Dongsi,2015-09-01,54.420833333333334,70.90555555555555,6.518055555555555,48.11180555555555,908.1944444444445,110.115625,87.59893899650255,Good
Dongsi,2015-10-01,80.0793010752688,105.20766129032258,7.534274193548387,58.872983870967744,1008.9381720430107,72.1633064516129,114.31664266513056,Lightly Polluted
Dongsi,2015-11-01,125.1375,132.44027777777777,15.81111111111111,61.81319444444444,1979.7916666666667,24.8125,160.08065476190478,Moderately Polluted
Dongsi,2015-12-01,161.24529569892474,171.45564516129033,23.549059139784944,72.75806451612904,2734.94623655914,24.364919354838708,168.99723502304147,Moderately Polluted
Dongsi,2016-01-01,69.35349462365592,87.9603494623656,19.774193548387096,49.81317204301075,1465.4569892473116,44.0,99.19258832565284,Good
Dongsi,2016-02-01,43.17097701149425,61.40158045977011,15.446120689655173,33.900862068965516,897.9885057471265,72.01436781609195,71.92138752052546,Good
Dongsi,2016-03-01,98.70766129032258,143.36021505376345,20.31317204301075,56.442204301075265,1271.975806451613,83.4475806451613,141.7021316618501,Lightly Polluted
Dongsi,2016-04-01,77.04097222222222,117.67986111111112,11.054166666666667,43.89513888888889,860.9722222222222,120.09583333333333,113.65603183010492,Lightly Polluted
Dongsi,2016-05-01,63.412634408602145,84.52889784946237,9.579301075268816,41.10819892473118,858.8709677419355,155.1320564516129,109.57944371613897,Lightly Polluted
Dongsi,2016-06-01,66.01666666666667,78.68472222222222,6.118055555555555,38.54375,851.4583333333334,175.0394037356322,121.7769717084007,Lightly Polluted
Dongsi,2016-07-01,80.51814516129032,83.14583333333334,4.690860215053763,36.579973118279575,1061.3575268817206,155.13736766187697,125.1611964800216,Lightly Polluted
Dongsi,2016-08-01,50.97446236559139,57.88508064516129,3.096774193548387,39.74596774193548,959.8118279569893,142.90725806451613,99.04480114154116,Good
Dongsi,2016-09-01,60.239583333333336,70.8736111111111,4.106944444444444,50.55625,887.5694444444445,115.06600378787878,95.13065944802902,Good
Dongsi,2016-10-01,92.07728494623655,117.34408602150538,6.309811827956989,64.3252688172043,1245.8333333333335,53.12903225806452,125.12857622887864,Lightly Polluted
Dongsi,2016-11-01,108.28680555555555,140.25277777777777,14.795833333333333,70.01944444444445,1832.5,26.720833333333335,142.67879464285713,Lightly Polluted
Dongsi,2016-12-01,149.68548387096774,188.0356182795699,22.263440860215052,81.56653225806451,2604.97311827957,27.717741935483872,189.2949980798771,Moderately Polluted
Dongsi,2017-01-01,126.86559139784946,158.13104838709677,21.180779569892472,63.803763440860216,2025.2016129032259,55.608870967741936,164.97681451612902,Moderately Polluted
Dongsi,2017-02-01,74.93526785714286,102.65252976190474,19.459821428571427,51.344494047619044,1178.8690476190477,66.1875,106.36811224489796,Lightly Polluted
Guanyuan,2013-03-01,102.71908602150538,130.42204301075267,45.68150860215054,73.74540537634408,1488.7029569892472,79.70652983870968,140.69132584485405,Lightly Polluted
Guanyuan,2013-04-01,59.33263888888889,95.81388888888888,22.645806666666665,57.95395,916.3805555555556,99.49851916666667,98.3764569119769,Good
Guanyuan,2013-05-01,80.55779569892472,145.53763440860214,28.478882795698926,56.27202204301076,1008.4254032258065,153.41734314516128,130.1879335028012,Lightly Polluted
Guanyuan,2013-06-01,107.01527777777777,122.36041666666667,14.294443333333334,49.50818208333333,1309.6444444444446,143.33323833333333,154.28521207841123,Moderately Polluted
Guanyuan,2013-07-01,65.99260752688173,80.14247311827957,10.347447311827958,43.92900967741935,960.3978494623656,139.93436739130436,112.75624650058343,Lightly Polluted
Guanyuan,2013-08-01,61.564516129032256,81.94825268817205,7.1858655913978495,45.2766872311828,718.2795698924732,161.4516129032258,117.85388046762618,Lightly Polluted
Guanyuan,2013-09-01,80.00625,99.98472222222222,9.899534444444445,56.97506375,1112.35,106.308465,116.95236365776408,Lightly Polluted
Guanyuan,2013-10-01,96.49059139784946,119.9616935483871,15.19332258064516,71.03545026881721,1169.6908602150536,56.05992767137097,131.4418667434716,Lightly Polluted
Guanyuan,2013-11-01,79.46388888888889,105.86180555555555,24.654166666666665,63.90277777777778,1457.9166666666667,30.289529583333334,113.25768849206348,Lightly Polluted
Guanyuan,2013-12-01,83.3508064516129,107.07795698924731,39.69862903225807,69.83344442204302,1194.220430107527,27.606243150385268,118.60191171034947,Lightly Polluted
Guanyuan,2014-01-01,100.87231182795698,132.56720430107526,55.67674731182795,74.7513440860215,1949.5967741935483,30.49932795698925,137.88553667434715,Lightly Polluted
Guanyuan,2014-02-01,150.15699404761904,157.04315476190476,62.98809523809524,75.65773809523809,2235.6398809523807,34.151785714285715,189.66108630952382,Moderately Polluted
Guanyuan,2014-03-01,94.81989247311829,133.31586021505373,37.778225806451616,73.99731182795698,1408.5349462365589,84.20967741935483,133.00042242703532,Lightly Polluted
Guanyuan,2014-04-01,89.99375,137.10694444444442,18.505555555555553,67.69583333333334,931.25,139.80833333333334,128.21639801465014,Lightly Polluted
Guanyuan,2014-05-01,63.34314516129032,124.05591397849462,15.741129032258064,57.97721774193548,991.3978494623656,153.31881720430107,112.42018633918461,Lightly Polluted
Guanyuan,2014-06-01,59.57986111111111,76.42986111111112,7.23125,45.37708333333333,980.9722222222223,174.07777777777775,121.824235583743,Lightly Polluted
Guanyuan,2014-07-01,85.88978494623655,108.48387096774194,7.498655913978494,42.39247311827957,1053.494623655914,169.19233870967741,140.80160404225808,Lightly Polluted
Guanyuan,2014-08-01,72.0633064516129,87.69206989247313,5.316263440860215,50.3875,945.3629032258065,169.22620967741935,121.15100210296356,Lightly Polluted
Guanyuan,2014-09-01,70.28013888888889,87.98013888888889,7.322916666666667,58.12291666666667,1088.5416666666667,107.31750000000001,105.67239514546188,Lightly Polluted
Guanyuan,2014-10-01,129.62432795698925,148.3010752688172,8.891801075268816,82.30846774193549,1464.0456989247311,51.41035980148883,169.88957797914452,Moderately Polluted
Guanyuan,2014-11-01,89.37180555555554,118.0476388888889,19.390694444444442,79.22486111111111,1671.875,34.860416666666666,125.01644841269841,Lightly Polluted
Guanyuan,2014-12-01,60.84946236559139,84.96774193548387,33.8252688172043,65.09610215053763,1687.029569892473,36.97379032258065,94.71127180710994,Good
Guanyuan,2015-01-01,94.84032258064515,105.6994623655914,38.448051075268815,76.91129032258064,1893.4139784946237,33.037298387096776,130.90232334869432,Lightly Polluted
Guanyuan,2015-02-01,93.12648809523809,114.45833333333334,29.711309523809522,61.97023809523809,1487.5744047619046,51.004464285714285,130.03072916666665,Lightly Polluted
Guanyuan,2015-03-01,85.12123655913977,137.9040994623656,22.598387096774193,59.43797043010753,1192.6075268817206,80.4758064516129,124.77995391705068,Lightly Polluted
Guanyuan,2015-04-01,72.56180555555555,119.62152777777777,9.630555555555556,47.86875,809.4444444444445,128.475,109.86433096094113,Lightly Polluted
Guanyuan,2015-05-01,54.707661290322584,106.97177419354838,8.907930107526882,40.159946236559136,759.6102150537635,154.33064516129033,105.62833628886486,Lightly Polluted
Guanyuan,2015-06-01,62.422222222222224,83.92013888888889,6.6375,39.08055555555555,1175.0,159.36458333333334,111.83036937168293,Lightly Polluted
Guanyuan,2015-07-01,67.38104838709677,80.05376344086021,5.285618279569892,39.99059139784946,973.5887096774194,178.88709677419354,129.39908167682054,Lightly Polluted
Guanyuan,2015-08-01,51.20564516129032,69.44690860215053,3.448252688172043,39.90255376344086,889.7849462365591,168.0272177419355,110.54781563120108,Lightly Polluted
Guanyuan,2015-09-01,53.31527777777777,68.40555555555555,5.374305555555555,46.70694444444444,875.6944444444445,120.9125,87.56528771369874,Good
Guanyuan,2015-10-01,75.25403225806451,94.36559139784946,6.029569892473118,58.83602150537634,957.9301075268817,81.22983870967742,108.10464669738863,Lightly Polluted
Guanyuan,2015-11-01,120.82361111111112,128.18958333333333,10.878472222222221,64.8,1942.3611111111109,21.481944444444444,155.0941369047619,Moderately Polluted
Guanyuan,2015-12-01,155.24126344086022,166.7923387096774,22.679435483870968,83.39583333333334,2809.6774193548385,21.18951612903226,166.28620391705067,Moderately Polluted
Guanyuan,2016-01-01,67.23521505376344,84.87970430107526,23.456989247311828,56.8877688172043,1488.4408602150536,36.858870967741936,97.68643433179723,Good
Guanyuan,2016-02-01,41.0323275862069,56.75862068965517,15.060344827586206,39.94181034482759,924.7844827586207,65.17887931034483,70.12889983579639,Good
Guanyuan,2016-03-01,95.07661290322581,143.7385752688172,19.282930107526884,62.1646505376344,1248.4543010752689,76.84475806451613,136.38212845622118,Lightly Polluted
Guanyuan,2016-04-01,73.27291666666666,128.47430555555556,11.11736111111111,47.354861111111106,788.6805555555555,115.5625,110.72755456349206,Lightly Polluted
Guanyuan,2016-05-01,56.946236559139784,102.70631720430109,9.75268817204301,40.88037634408602,728.6290322580645,159.68447580645162,113.26868874356458,Lightly Polluted
Guanyuan,2016-06-01,66.20208333333333,86.06597222222221,5.781944444444445,40.27430555555556,831.0416666666666,183.16666666666666,128.56756510321128,Lightly Polluted
Guanyuan,2016-07-01,80.11895161290323,89.32392473118279,4.985887096774194,38.16599462365591,941.7230315643427,165.875,126.34558336232749,Lightly Polluted
Guanyuan,2016-08-01,48.99059139784946,65.40389784946237,3.943548387096774,41.082661290322584,867.7527748872702,146.6391129032258,101.0153788085889,Lightly Polluted
Guanyuan,2016-09-01,57.24861111111111,76.39791666666666,3.9388888888888887,51.950694444444444,797.9861111111111,113.01458333333333,94.5844550032712,Good
Guanyuan,2016-10-01,87.02956989247312,111.12836021505376,5.214381720430107,63.88709677419355,1169.0860215053763,50.711693548387096,119.9118423579109,Lightly Polluted
Guanyuan,2016-11-01,107.03125,147.11180555555558,13.46388888888889,71.32152777777779,1699.8611111111109,25.302083333333332,142.25650297619046,Lightly Polluted
Guanyuan,2016-12-01,142.92271505376345,164.61895161290323,21.67069892473118,86.64112903225806,2497.983870967742,25.387096774193548,183.3438988095238,Moderately Polluted
Guanyuan,2017-01-01,116.23387096774194,140.53360215053763,21.621639784946236,71.35551075268818,1916.1290322580646,63.096774193548384,156.63516623707986,Moderately Polluted
Guanyuan,2017-02-01,71.57291666666666,89.37574404761904,20.8578869047619,57.796875,1002.9761904761905,75.88839285714286,108.20815379888472,Lightly Polluted
Gucheng,2013-03-01,108.84139784946235,148.1290322580645,38.19857741935484,75.30661532258064,1608.0846774193549,82.30181451612903,147.10301459293393,Lightly Polluted
Gucheng,2013-04-01,65.07291666666667,108.7173611111111,18.885862222222222,52.14926638888889,929.1618055555556,100.616555,99.60049834106806,Good
Gucheng,2013-05-01,82.61021505376344,150.27553763440858,22.021762365591396,59.48575483870968,999.1176075268817,152.6077862903226,125.90826675861955,Lightly Polluted
Gucheng,2013-06-01,103.26527777777778,132.125,9.202774444444445,62.44586208333333,1440.90625,140.47759333333335,153.84140753429423,Moderately Polluted
Gucheng,2013-07-01,61.69086021505376,82.95967741935483,4.05768870967742,47.38592002688172,984.2620967741935,138.36404596774193,110.82486710741475,Lightly Polluted
Gucheng,2013-08-01,58.63306451612903,89.5369623655914,3.7271505376344085,44.57011545698924,902.4193548387096,150.3709677419355,110.14218221522418,Lightly Polluted
Gucheng,2013-09-01,80.39722222222221,100.38055555555555,6.666652222222222,61.295048888888886,1183.8083333333334,98.43752083333334,117.47302447905203,Lightly Polluted
Gucheng,2013-10-01,95.95026881720429,120.11559139784947,10.874941935483871,75.36382123655913,1292.1370967741937,58.54967258064516,131.17054970718127,Lightly Polluted
Gucheng,2013-11-01,77.21805555555555,93.74097222222221,20.709722222222222,64.29583333333333,1566.5277777777778,44.793467500000006,105.98866005952381,Lightly Polluted
Gucheng,2013-12-01,81.3024193548387,99.10887096774194,40.2651688172043,71.14001518817204,2503.0241935483873,42.3227064516129,116.27126380088326,Lightly Polluted
Gucheng,2014-01-01,105.77755376344085,126.58333333333333,52.745295698924735,77.0241935483871,2698.252688172043,47.78149001536098,141.09359433289444,Lightly Polluted
Gucheng,2014-02-01,155.27232142857142,154.15997023809524,53.06919642857143,77.68601190476191,2469.5684523809527,51.38035714285714,196.20592049319728,Moderately Polluted
Gucheng,2014-03-01,99.48185483870968,155.22043010752688,31.893145161290324,73.5725806451613,1699.3951612903227,88.68548387096774,143.0620871735791,Lightly Polluted
Gucheng,2014-04-01,101.21944444444445,179.08055555555558,15.620833333333334,69.94166666666666,1030.8333333333333,130.0075174825175,150.4650744047619,Moderately Polluted
Gucheng,2014-05-01,69.90241935483871,150.80094086021504,29.34704301075269,59.834946236559134,888.4408602150538,143.854435483871,116.59219507347993,Lightly Polluted
Gucheng,2014-06-01,56.94166666666667,91.77361111111112,3.061111111111111,45.20486111111111,830.9722222222223,167.1,114.9318665506814,Lightly Polluted
Gucheng,2014-07-01,90.59341397849462,137.54771505376345,4.459677419354839,45.35013440860215,909.8118279569893,178.56854838709677,148.4485378382276,Lightly Polluted
Gucheng,2014-08-01,65.3358870967742,106.89731182795698,3.972715053763441,42.957392473118276,836.0215053763442,184.94475806451615,131.79372373846297,Lightly Polluted
Gucheng,2014-09-01,72.10097222222223,114.81902777777778,4.726388888888889,55.520694444444445,989.4444444444445,122.71235632183908,112.45955945628744,Lightly Polluted
Gucheng,2014-10-01,124.53494623655914,163.63104838709677,8.227150537634408,78.09879032258064,1421.8413978494625,60.54435483870968,164.47590725806452,Moderately Polluted
Gucheng,2014-11-01,90.15597222222223,138.8022222222222,19.00236111111111,69.06263888888888,1797.3611111111109,42.2875,124.34263392857142,Lightly Polluted
Gucheng,2014-12-01,60.18884408602151,99.46370967741936,31.05268817204301,55.99502688172043,1797.3118279569892,44.79838709677419,91.86461762124205,Good
Gucheng,2015-01-01,95.42620967741935,115.17096774193547,35.901747311827954,67.57150537634409,2070.6317204301076,41.858870967741936,128.0983198924731,Lightly Polluted
Gucheng,2015-02-01,95.34375,124.09375,28.470238095238095,49.410714285714285,1609.970238095238,61.245535714285715,131.12144982993195,Lightly Polluted
Gucheng,2015-03-01,88.17399193548388,156.57204301075268,22.502419354838707,52.02963709677419,1316.3306451612902,89.1633064516129,131.4145065284178,Lightly Polluted
Gucheng,2015-04-01,71.93055555555556,127.60972222222222,9.115277777777777,47.01736111111111,804.375,129.21666666666667,109.34484738425417,Lightly Polluted
Gucheng,2015-05-01,58.0739247311828,113.5013440860215,8.526881720430106,40.19018817204301,710.2822580645161,161.02520161290323,110.24420244646159,Lightly Polluted
Gucheng,2015-06-01,63.020138888888894,94.80208333333333,6.392361111111112,41.4,1144.6527777777778,166.90972222222223,122.07285475823612,Lightly Polluted
Gucheng,2015-07-01,61.56518817204301,85.08870967741936,3.4301075268817205,37.58736559139785,669.6236559139785,191.08870967741936,132.54098492598877,Lightly Polluted
Gucheng,2015-08-01,46.383736559139784,75.48588709677419,2.282258064516129,32.56182795698925,799.7311827956989,172.7116935483871,114.48841745101846,Lightly Polluted
Gucheng,2015-09-01,49.92916666666667,75.92361111111111,4.179166666666666,39.30486111111111,697.6388888888889,117.82291666666667,84.56675054876855,Good
Gucheng,2015-10-01,77.63575268817203,110.44623655913979,4.932795698924731,53.95698924731183,946.9758064516129,82.54435483870968,109.861626344086,Lightly Polluted
Gucheng,2015-11-01,131.99791666666667,138.84791666666666,11.934722222222224,59.61875,1927.1527777777776,23.7296992481203,166.83935763888888,Moderately Polluted
Gucheng,2015-12-01,165.2923387096774,178.69623655913978,23.154569892473116,74.03763440860214,3184.94623655914,21.108870967741936,190.3812019969278,Moderately Polluted
Gucheng,2016-01-01,76.36088709677419,96.41801075268818,24.778225806451612,48.68010752688172,1717.0026881720428,45.63709677419355,106.2833237327189,Lightly Polluted
Gucheng,2016-02-01,43.74568965517241,60.730603448275865,17.106321839080458,28.2176724137931,1006.8965517241379,71.08189655172414,69.01126334154351,Good
Gucheng,2016-03-01,98.7103494623656,152.15725806451613,19.107526881720432,54.00336021505376,1276.7473118279572,84.06048387096774,142.6214333717358,Lightly Polluted
Gucheng,2016-04-01,72.1111111111111,135.23055555555555,8.799305555555554,47.08680555555556,768.9583333333334,121.54791666666667,109.93107627424365,Lightly Polluted
Gucheng,2016-05-01,59.448476702508955,107.70161290322581,7.879704301075268,40.42741935483871,657.3924731182796,171.2741935483871,120.5210762706445,Lightly Polluted
Gucheng,2016-06-01,64.60462962962963,97.27847222222223,4.575,41.99513888888888,731.9444444444445,196.62083333333334,137.63486591092524,Lightly Polluted
Gucheng,2016-07-01,70.3494623655914,93.40793010752688,2.823924731182796,37.390456989247305,819.2204301075268,186.02620967741936,133.95133597949345,Lightly Polluted
Gucheng,2016-08-01,48.27150537634408,75.95900537634408,2.5860215053763445,38.39583333333333,777.8897849462365,139.0625,97.7411249420117,Good
Gucheng,2016-09-01,60.77013888888889,92.39930555555556,2.604861111111111,44.83472222222222,797.3611111111111,100.00989583333333,92.00402290153349,Good
Gucheng,2016-10-01,93.1760752688172,112.15927419354838,2.928763440860215,59.784274193548384,1143.481182795699,43.17439516129032,125.38496063748079,Lightly Polluted
Gucheng,2016-11-01,105.30138888888888,143.5,12.136111111111111,72.3736111111111,1834.6527777777776,27.422916666666666,139.40524305555556,Lightly Polluted
Gucheng,2016-12-01,134.0013440860215,164.0013440860215,17.159274193548388,82.97849462365592,2491.532258064516,26.350806451612904,174.25101286482337,Moderately Polluted
Gucheng,2017-01-01,126.54905913978493,152.6122311827957,21.64986559139785,69.65255376344085,2281.6532258064517,35.88306451612903,168.9408458141321,Moderately Polluted
Gucheng,2017-02-01,72.65029761904762,97.45833333333333,19.41220238095238,54.201636904761905,1276.9345238095236,51.238839285714285,102.30698341836735,Lightly Polluted
Huairou,2013-03-01,95.83602150537634,119.26814516129032,32.99665053763441,48.8110060483871,1194.7130376344085,81.29376532258065,130.22161599210148,Lightly Polluted
Huairou,2013-04-01,57.35555555555555,94.61805555555556,19.261482222222224,30.87501409722222,752.7319444444444,106.0072725,93.3979460405355,Good
Huairou,2013-05-01,76.6135752688172,162.88172043010752,35.378706451612906,41.61406969086021,961.991935483871,183.0391891710608,135.87579007749912,Lightly Polluted
Huairou,2013-06-01,74.8125,115.15416666666667,9.947168888888887,27.067731666666663,1085.25,121.08788,116.5631292204735,Lightly Polluted
Huairou,2013-07-01,62.09946236559139,85.89516129032258,5.30238064516129,14.909686626344085,872.4354838709677,158.57868064516128,120.4792639765248,Lightly Polluted
Huairou,2013-08-01,56.19758064516129,75.0638440860215,4.212939784946236,20.884159677419355,749.5295698924732,136.75414139784948,104.87344312116714,Lightly Polluted
Huairou,2013-09-01,68.97777777777777,89.17083333333333,7.850881111111111,31.910952847222223,1010.8291666666667,97.844705,100.50999561290875,Lightly Polluted
Huairou,2013-10-01,77.41061827956989,97.40188172043011,10.836403225806452,41.66248803763441,919.0188172043011,61.29647370967742,106.66229812307988,Lightly Polluted
Huairou,2013-11-01,58.49583333333333,75.44027777777777,19.743055555555554,46.93680555555555,979.8611111111111,64.21236479166666,86.15595685583132,Good
Huairou,2013-12-01,57.913978494623656,69.5638440860215,36.90162258064516,45.97674186827957,1353.6962365591398,53.5386311827957,81.74016045666923,Good
Huairou,2014-01-01,86.53293010752687,103.61357526881721,47.537634408602145,55.35954301075269,1485.3494623655915,48.51948924731183,115.70341301843318,Lightly Polluted
Huairou,2014-02-01,150.96354166666669,148.67485119047618,54.923363095238095,56.72916666666667,1877.6785714285713,60.02217261904762,191.4316326530612,Moderately Polluted
Huairou,2014-03-01,90.44825268817205,119.48655913978493,30.263440860215052,46.483870967741936,1128.225806451613,98.44959677419355,125.58462811450441,Lightly Polluted
Huairou,2014-04-01,84.81319444444445,129.14652777777778,13.565277777777776,41.91805555555555,812.1527777777777,137.0,122.49373670115195,Lightly Polluted
Huairou,2014-05-01,51.418860100663466,90.12378460306567,10.209620224204986,28.434851864561885,754.1981239990849,150.30254804392587,100.9613300033053,Lightly Polluted
Huairou,2014-06-01,45.77634456264775,66.73458924349882,5.152142434988179,21.539819739952716,747.1897163120568,173.03833164471462,115.6638888821765,Lightly Polluted
Huairou,2014-07-01,96.39422043010752,115.44193548387096,4.463709677419355,22.91787634408602,967.9435483870968,183.8733870967742,153.88135332645027,Moderately Polluted
Huairou,2014-08-01,55.292204301075266,74.03077956989246,4.356854838709677,22.00295698924731,757.3924731182796,187.55622759856632,130.77158020370695,Lightly Polluted
Huairou,2014-09-01,60.00625,75.69097222222221,5.172222222222222,26.38125,871.3888888888889,122.55625,99.30185824650866,Good
Huairou,2014-10-01,96.28763440860214,115.94086021505376,6.839381720430108,39.236559139784944,1157.1908602150536,70.70766129032258,129.04536770353303,Lightly Polluted
Huairou,2014-11-01,67.6854861111111,94.34902777777778,12.46111111111111,46.42611111111111,1159.7222222222222,46.975,95.54788690476191,Good
Huairou,2014-12-01,45.6244623655914,68.93373655913977,18.559677419354838,38.56653225806452,1189.0456989247311,53.420026881720425,71.12377592165898,Good
Huairou,2015-01-01,79.8649193548387,94.88333333333333,21.75,48.89811827956989,1471.975806451613,46.67741935483871,106.71410330261136,Lightly Polluted
Huairou,2015-02-01,80.33645833333333,111.6921130952381,15.706398809523808,34.5875,1193.080357142857,67.203125,114.06008184523809,Lightly Polluted
Huairou,2015-03-01,86.34415322580645,134.45840053763442,14.25,34.33971774193548,1019.8924731182796,92.2741935483871,122.841061827957,Lightly Polluted
Huairou,2015-04-01,72.26458333333333,100.92965277777778,6.6850000000000005,26.87527777777778,665.0,131.61458333333334,106.87743212237386,Lightly Polluted
Huairou,2015-05-01,52.090927419354834,87.31532258064516,7.20497311827957,22.008602150537634,660.1478494623656,156.74435483870968,106.22944185962571,Lightly Polluted
Huairou,2015-06-01,53.62361111111111,69.00833333333334,5.284027777777778,15.8375,935.4861111111111,153.74744623655914,106.53374685718808,Lightly Polluted
Huairou,2015-07-01,52.14784946236559,63.49663978494624,4.348118279569892,15.227822580645162,740.3897849462365,160.55645161290323,109.22015561771612,Lightly Polluted
Huairou,2015-08-01,38.19690860215054,58.34274193548387,2.585349462365591,10.706317204301074,655.510752688172,147.92540322580646,97.68684939153646,Good
Huairou,2015-09-01,42.81736111111111,52.44097222222222,3.870833333333333,15.095833333333333,668.6111111111111,110.33333333333333,73.8040292070218,Good
Huairou,2015-10-01,63.060483870967744,78.25537634408602,4.714381720430108,24.987231182795696,750.3360215053763,74.97177419354838,88.70845814132105,Good
Huairou,2015-11-01,97.42361111111111,99.65902777777777,7.954861111111111,41.37638888888888,1528.263888888889,30.045833333333334,127.225,Lightly Polluted
Huairou,2015-12-01,128.27083333333331,132.34206989247312,9.931451612903226,50.0127688172043,2180.1075268817203,40.86088709677419,165.08265649001535,Moderately Polluted
Huairou,2016-01-01,58.55174731182795,66.40927419354838,11.906586021505378,33.80241935483871,1183.467741935484,36.32258064516129,80.68291570660523,Good
Huairou,2016-02-01,38.57183908045977,49.560344827586206,8.801005747126437,19.13936781609195,736.2787356321838,55.61206896551724,59.345494663382595,Good
Huairou,2016-03-01,82.93279569892472,114.14247311827957,11.734543010752688,33.65658602150537,1038.4408602150536,71.30981182795698,119.12305107526882,Lightly Polluted
Huairou,2016-04-01,57.510416666666664,106.65069444444445,7.847222222222222,24.160416666666666,741.25,104.3373106060606,94.02778905122655,Good
Huairou,2016-05-01,48.19153225806452,84.63709677419355,6.73991935483871,21.50537634408602,603.1586021505377,162.15725806451613,109.58993657298487,Lightly Polluted
Huairou,2016-06-01,46.90208333333333,68.70694444444445,4.743055555555555,18.6375,651.3888888888889,181.17291666666668,122.4683048707413,Lightly Polluted
Huairou,2016-07-01,58.36290322580645,67.50470430107528,3.0181451612903225,16.086021505376344,832.4596774193549,156.85800691244242,109.21701730359125,Lightly Polluted
Huairou,2016-08-01,41.38642473118279,52.02083333333333,2.680779569892473,14.465725806451612,671.7741935483871,117.0524193548387,82.60312191567317,Good
Huairou,2016-09-01,44.450694444444444,54.725,3.1770833333333335,14.844444444444443,612.7777777777777,105.71951884920635,71.14232421445081,Good
Huairou,2016-10-01,78.1633064516129,93.17069892473118,4.867607526881721,31.497983870967737,936.4247311827958,51.99193548387097,106.92218701996929,Lightly Polluted
Huairou,2016-11-01,82.92777777777776,117.39583333333333,6.248611111111112,48.5,1369.513888888889,36.09166666666667,112.68407738095239,Lightly Polluted
Huairou,2016-12-01,91.25873655913979,110.75537634408602,7.885752688172042,50.42674731182795,1735.5510752688172,40.961693548387096,121.10487207766663,Lightly Polluted
Huairou,2017-01-01,88.70228494623656,109.3293010752688,9.311155913978494,41.60215053763441,1577.016129032258,56.608870967741936,120.0508784562212,Lightly Polluted
Huairou,2017-02-01,57.439732142857146,72.19196428571429,10.29985119047619,35.81770833333333,1024.8511904761904,85.69791666666666,87.79499281174334,Good
Nongzhanguan,2013-03-01,106.77016129032258,126.96370967741936,45.276935483870965,76.71226075268817,1496.1565860215053,81.13937903225806,144.1366455453149,Lightly Polluted
Nongzhanguan,2013-04-01,57.35,96.97083333333333,23.35085333333333,54.10156611111111,933.1770833333334,102.26625916666667,93.73136098172249,Good
Nongzhanguan,2013-05-01,77.24731182795698,129.34408602150538,28.301747311827956,59.244623655913976,1129.1471774193549,154.13666290322578,120.20386780146225,Lightly Polluted
Nongzhanguan,2013-06-01,108.32013888888888,107.38958333333333,17.54670666666667,52.95439020833333,1513.4097222222222,151.55143416666667,156.3995254280089,Moderately Polluted
Nongzhanguan,2013-07-01,75.43548387096774,70.95900537634408,8.965916129032259,40.8441619623656,1148.967741935484,156.65799838709677,124.43560465527729,Lightly Polluted
Nongzhanguan,2013-08-01,68.15456989247313,74.57997311827957,6.110215053763441,49.332021370967745,1027.5537634408602,152.24193548387098,119.82283367830456,Lightly Polluted
Nongzhanguan,2013-09-01,82.11805555555556,99.14791666666666,14.095594444444446,69.67407805555555,1286.309722222222,103.4872475,119.57405753968254,Lightly Polluted
Nongzhanguan,2013-10-01,96.91532258064517,111.10483870967742,19.834358064516127,65.91687688172043,1285.215053763441,56.83614516129032,132.06320439708142,Lightly Polluted
Nongzhanguan,2013-11-01,83.35138888888888,105.48819444444443,24.135904444444446,60.76950423611111,1368.5416666666667,39.78587666666667,115.81249165674602,Lightly Polluted
Nongzhanguan,2013-12-01,87.9119623655914,115.21102150537634,44.36614301075269,65.6140753360215,1757.1908602150536,36.80755483870968,121.65056920842933,Lightly Polluted
Nongzhanguan,2014-01-01,106.12567204301074,136.2641129032258,60.62163978494623,67.33870967741936,1945.9005376344085,35.66465053763441,141.94251152073733,Lightly Polluted
Nongzhanguan,2014-02-01,156.47395833333331,167.16741071428572,65.75595238095238,68.125,2217.0386904761904,44.21875,197.23535289115645,Moderately Polluted
Nongzhanguan,2014-03-01,100.23588709677419,139.5336021505376,39.14784946236559,68.32594086021506,1488.4408602150536,88.87903225806451,138.37990249681062,Lightly Polluted
Nongzhanguan,2014-04-01,86.75486111111111,142.30555555555557,19.649305555555554,60.87430555555556,972.1527777777777,136.8125,128.05608491085187,Lightly Polluted
Nongzhanguan,2014-05-01,68.09811827956989,132.48185483870967,17.23481182795699,55.729301075268815,830.3763440860214,165.5141129032258,123.45923537623177,Lightly Polluted
Nongzhanguan,2014-06-01,56.84166666666667,86.58958333333334,8.417361111111111,48.294444444444444,886.6666666666666,191.3125,133.7204457445572,Lightly Polluted
Nongzhanguan,2014-07-01,84.3505376344086,111.67782258064516,8.088172043010752,44.563709677419354,1051.5456989247311,182.52666330645164,145.10428205155515,Lightly Polluted
Nongzhanguan,2014-08-01,60.743279569892465,87.79677419354839,6.463172043010753,48.31989247311828,955.1075268817204,186.51854838709676,130.31058909311028,Lightly Polluted
Nongzhanguan,2014-09-01,63.97138888888889,94.54152777777777,8.915972222222223,57.55083333333333,1168.5416666666667,115.04166666666667,103.92679728390137,Lightly Polluted
Nongzhanguan,2014-10-01,136.997311827957,169.0866935483871,10.366935483870968,84.02486559139784,1425.9408602150536,58.46975806451613,178.87743855606757,Moderately Polluted
Nongzhanguan,2014-11-01,110.75625,145.56694444444443,20.26138888888889,79.5488888888889,1672.1527777777776,42.59861111111111,150.10777777777778,Moderately Polluted
Nongzhanguan,2014-12-01,77.26545698924731,116.25537634408602,36.18817204301075,65.3366935483871,1689.986559139785,46.28225806451613,113.72683851766513,Lightly Polluted
Nongzhanguan,2015-01-01,108.1143817204301,131.28494623655914,42.54865591397849,76.9236559139785,2005.510752688172,46.08870967741935,144.58119719662056,Lightly Polluted
Nongzhanguan,2015-02-01,101.24479166666666,124.57514880952381,32.30654761904762,58.9032738095238,1477.827380952381,65.15625,139.55903486394556,Lightly Polluted
Nongzhanguan,2015-03-01,95.46008064516128,141.0684811827957,24.453158602150538,63.53259408602151,1246.4381720430108,86.99059139784947,136.20670122887867,Lightly Polluted
Nongzhanguan,2015-04-01,79.09305555555555,114.90611111111112,11.521527777777777,53.476388888888884,839.0277777777777,126.36666666666666,112.11733936673025,Lightly Polluted
Nongzhanguan,2015-05-01,59.153225806451616,98.6263440860215,9.899193548387096,45.51881720430107,918.4811827956989,158.11962365591395,109.85176464320227,Lightly Polluted
Nongzhanguan,2015-06-01,64.0,82.83513888888889,8.176388888888889,43.58888888888888,1213.3333333333333,168.19833333333332,120.22210375547239,Lightly Polluted
Nongzhanguan,2015-07-01,56.71370967741935,75.32661290322581,5.719086021505376,41.18279569892473,914.247311827957,187.28225806451613,129.37881194357414,Lightly Polluted
Nongzhanguan,2015-08-01,41.82661290322581,64.67338709677419,3.8716397849462365,34.913978494623656,834.4086021505377,173.70866935483872,113.85174645826181,Lightly Polluted
Nongzhanguan,2015-09-01,51.010416666666664,63.56875,5.879861111111111,50.43194444444444,877.1527777777777,120.44479166666666,92.39163945752928,Good
Nongzhanguan,2015-10-01,78.85819892473118,93.78763440860214,7.493279569892473,64.25672043010752,1003.5618279569892,76.39948156682027,115.04797787058371,Lightly Polluted
Nongzhanguan,2015-11-01,126.19583333333334,129.13402777777776,15.591666666666667,69.60555555555555,2047.7777777777776,28.298863636363638,161.47051091269842,Moderately Polluted
Nongzhanguan,2015-12-01,161.36895161290323,164.5752688172043,23.141801075268816,96.21236559139784,3206.8548387096776,30.657258064516128,192.7303667434716,Moderately Polluted
Nongzhanguan,2016-01-01,70.11559139784947,79.88978494623655,22.526881720430104,60.651881720430104,1521.505376344086,48.225806451612904,103.79504608294931,Lightly Polluted
Nongzhanguan,2016-02-01,43.19683908045977,53.36997126436782,16.579741379310345,41.39870689655172,899.7126436781609,71.60775862068965,74.16056034482759,Good
Nongzhanguan,2016-03-01,93.6633064516129,131.50806451612902,21.62768817204301,68.13172043010753,1254.5026881720428,83.20362903225806,134.05795410906296,Lightly Polluted
Nongzhanguan,2016-04-01,72.28263888888888,108.5048611111111,11.532638888888888,51.263194444444444,786.7361111111111,117.19583333333334,108.31612103174602,Lightly Polluted
Nongzhanguan,2016-05-01,54.19959677419355,84.53158602150538,10.17271505376344,44.932123655913976,674.0591397849462,164.9233870967742,114.94830861928934,Lightly Polluted
Nongzhanguan,2016-06-01,61.475,76.57638888888889,5.884722222222222,40.025,813.0555555555555,189.07291666666666,131.21371825855405,Lightly Polluted
Nongzhanguan,2016-07-01,71.08870967741936,76.12836021505376,3.8756720430107525,39.42674731182795,985.1088276101283,174.13306451612902,126.88577221484549,Lightly Polluted
Nongzhanguan,2016-08-01,49.2130376344086,59.39784946236559,3.594086021505376,38.060483870967744,925.8454734651406,156.80645161290323,107.28482701311155,Lightly Polluted
Nongzhanguan,2016-09-01,59.46388888888889,73.3798611111111,4.484027777777778,46.23888888888889,831.4583333333334,123.03333333333333,97.12568064402348,Good
Nongzhanguan,2016-10-01,86.43010752688171,107.96236559139784,5.954301075268818,52.11290322580645,1238.5752688172045,55.09475806451613,117.22206221198157,Lightly Polluted
Nongzhanguan,2016-11-01,104.80416666666666,145.14305555555558,12.82638888888889,65.64930555555556,1899.513888888889,28.6375,139.20312996031745,Lightly Polluted
Nongzhanguan,2016-12-01,144.89784946236557,165.84879032258064,19.576612903225808,81.63037634408602,2646.034946236559,31.407258064516128,185.40805491551458,Moderately Polluted
Nongzhanguan,2017-01-01,123.67943548387096,143.99327956989245,21.805107526881716,65.99932795698925,2240.3225806451615,43.50403225806452,161.96610983102917,Moderately Polluted
Nongzhanguan,2017-02-01,75.94866071428571,92.72767857142857,19.279761904761905,49.629464285714285,1171.205357142857,63.734375,107.75241815476191,Lightly Polluted
Shunyi,2013-03-01,104.63642473118279,127.72110215053763,32.84794301075269,59.324286559139786,1388.592741935484,72.88199838709677,141.9296170227622,Lightly Polluted
Shunyi,2013-04-01,57.78125,83.02916666666667,17.333270000000002,40.00902541666667,1016.7909722222223,91.62276416666667,88.67437908385459,Good
Shunyi,2013-05-01,79.92405913978493,125.3649193548387,21.248655913978492,42.759408602150536,1008.179435483871,154.02512822580647,118.68913993287558,Lightly Polluted
Shunyi,2013-06-01,105.725,112.92777777777776,5.4864822222222225,34.28528708333333,1326.1215277777776,138.27475416666667,145.6581277973439,Lightly Polluted
Shunyi,2013-07-01,61.9247311827957,68.6135752688172,5.869334072580645,30.9308438172043,1279.198252688172,154.13246370967744,118.80364570270679,Lightly Polluted
Shunyi,2013-08-01,60.41532258064516,70.00268817204302,4.03783313172043,28.87339623655914,1118.7043010752689,156.1706379032258,116.61590331971199,Lightly Polluted
Shunyi,2013-09-01,72.48333333333333,92.05,8.570318888888888,27.79755638888889,1218.325,109.35323166666667,107.79625051666788,Lightly Polluted
Shunyi,2013-10-01,83.16129032258064,108.05174731182795,9.826017204301076,52.38547795698925,1118.5483870967741,58.65049677419354,114.51634504608295,Lightly Polluted
Shunyi,2013-11-01,66.9576388888889,88.15625,15.741666666666667,51.96487375,1203.4722222222222,41.91731125,94.49400173115079,Good
Shunyi,2013-12-01,64.45430107526882,75.39112903225806,29.446062365591395,47.913323790322586,1733.266129032258,44.83683064516129,91.18905777169738,Good
Shunyi,2014-01-01,93.64247311827957,112.89247311827957,44.17338709677419,55.567204301075265,1643.5483870967741,40.70698924731183,125.76301843317972,Lightly Polluted
Shunyi,2014-02-01,161.18675595238096,155.15252976190476,47.963541666666664,56.060267857142854,2001.264880952381,47.816964285714285,203.00521364795918,Heavily Polluted
Shunyi,2014-03-01,97.76075268817205,132.4758064516129,30.836021505376344,60.04301075268817,1229.4354838709678,79.27862903225805,136.2946044546851,Lightly Polluted
Shunyi,2014-04-01,87.92638888888888,141.17430555555555,16.99722222222222,54.78055555555556,906.5972222222223,129.8,127.20986514662361,Lightly Polluted
Shunyi,2014-05-01,64.37379032258065,109.69193548387096,11.564112903225807,53.18989336072225,880.6451612903226,153.02822580645162,110.41428413067874,Lightly Polluted
Shunyi,2014-06-01,55.82083333333333,74.88263888888888,4.745833333333334,31.420443527253667,704.1666666666666,179.54583333333332,123.09591723722139,Lightly Polluted
Shunyi,2014-07-01,95.29247311827957,113.21330645161291,6.2706989247311835,27.508064516129032,950.6048387096774,184.57943548387095,153.3185293286819,Moderately Polluted
Shunyi,2014-08-01,62.56733870967742,83.19126344086023,4.524596774193548,28.82325268817204,796.6397849462365,177.90282258064516,123.45676060398462,Lightly Polluted
Shunyi,2014-09-01,68.20277777777777,83.51388888888889,4.440277777777778,35.24125,940.0,103.3275,100.76196384241935,Lightly Polluted
Shunyi,2014-10-01,108.21505376344085,128.87701612903226,7.348790322580645,55.372311827956985,1232.5940860215053,57.215725806451616,143.03318932411673,Lightly Polluted
Shunyi,2014-11-01,81.2676388888889,120.54708333333333,11.93388888888889,56.945138888888884,1449.8611111111109,37.2875,113.63965277777778,Lightly Polluted
Shunyi,2014-12-01,51.85631720430108,87.20094086021506,23.469086021505376,47.571236559139784,1400.5376344086021,42.72667050691244,81.13121639784946,Good
Shunyi,2015-01-01,99.03736559139784,108.82567204301075,26.558736559139785,57.94448924731183,1715.1881720430106,46.391129032258064,130.9090101766513,Lightly Polluted
Shunyi,2015-02-01,91.83333333333333,117.83482142857143,20.55654761904762,44.723214285714285,1292.857142857143,61.97767857142857,127.24486607142858,Lightly Polluted
Shunyi,2015-03-01,87.92338709677419,142.10940860215052,17.67668010752688,51.708198924731185,1104.5698924731182,82.97177419354838,127.11455933179724,Lightly Polluted
Shunyi,2015-04-01,74.1125,112.08465277777778,10.610416666666667,43.93263888888888,735.5555555555555,115.72291666666666,107.82686810599947,Lightly Polluted
Shunyi,2015-05-01,58.140456989247305,84.10954301075269,9.10483870967742,35.44287634408602,651.6129032258065,138.88709677419354,97.66492746136677,Good
Shunyi,2015-06-01,64.65388888888889,78.85527777777777,4.430555555555555,32.13097222222222,1108.1944444444446,147.48583333333332,108.26250300370535,Lightly Polluted
Shunyi,2015-07-01,62.15860215053763,71.89448924731182,3.1391129032258065,28.692204301075268,777.2177419354839,160.74395161290323,109.53898518842648,Lightly Polluted
Shunyi,2015-08-01,43.66599462365591,61.05913978494623,2.9254032258064515,22.467741935483872,768.0779569892474,141.7701612903226,92.61360674078519,Good
Shunyi,2015-09-01,48.62569444444444,60.61527777777778,3.148611111111111,37.27430555555556,724.9305555555555,95.68194444444445,76.2016743173258,Good
Shunyi,2015-10-01,75.27352150537634,90.00403225806451,4.19018817204301,50.12903225806452,880.3091397849462,61.51814516129032,105.98262768817204,Lightly Polluted
Shunyi,2015-11-01,116.9,118.9111111111111,9.759722222222223,49.39930555555556,1820.763888888889,28.1625,149.37395833333332,Lightly Polluted
Shunyi,2015-12-01,155.45833333333331,159.32997311827955,13.881048387096774,63.16868279569893,2679.97311827957,27.629032258064516,179.473390296979,Moderately Polluted
Shunyi,2016-01-01,70.51545698924731,77.6149193548387,15.456989247311828,44.2385752688172,1388.9112903225807,47.457661290322584,97.41597542242702,Good
Shunyi,2016-02-01,49.27442528735632,54.706178160919535,12.582614942528735,29.627873563218387,860.7040229885058,67.85560344827586,73.5339696223317,Good
Shunyi,2016-03-01,97.71572580645162,121.43010752688171,16.87298387096774,52.851478494623656,1197.1774193548388,78.95228494623656,133.7544930875576,Lightly Polluted
Shunyi,2016-04-01,75.62777777777778,109.30972222222222,8.841666666666667,39.87708333333333,790.4861111111111,107.7375,110.60929946789321,Lightly Polluted
Shunyi,2016-05-01,56.84879032258065,80.68279569892472,6.452956989247311,39.817204301075265,834.4758064516129,157.50491652518392,112.84914059783873,Lightly Polluted
Shunyi,2016-06-01,56.136111111111106,65.04236111111112,3.754861111111111,30.161111111111108,720.9722222222223,187.61458333333334,127.88650273925697,Lightly Polluted
Shunyi,2016-07-01,63.69422043010753,71.13911290322581,2.3373655913978495,25.710349462365592,822.244623655914,168.3790322580645,118.5321518019372,Lightly Polluted
Shunyi,2016-08-01,46.64650537634409,58.48924731182796,2.528225806451613,29.796370967741936,719.758064516129,139.8608870967742,92.74520457444869,Good
Shunyi,2016-09-01,54.666666666666664,66.95138888888889,3.61875,34.84930555555555,682.6388888888888,40.339891231593036,82.63871953398238,Good
Shunyi,2016-10-01,81.39247311827957,95.99596774193549,5.906586021505376,48.766801075268816,1027.4193548387098,54.46370967741935,111.17998066161948,Lightly Polluted
Shunyi,2016-11-01,93.98333333333333,123.05833333333334,16.02638888888889,64.14513888888888,1753.1944444444446,36.49791666666667,127.85701884920634,Lightly Polluted
Shunyi,2016-12-01,118.4274193548387,130.38844086021504,20.419354838709676,69.77688172043011,2371.3709677419356,41.020161290322584,155.11728110599077,Moderately Polluted
Shunyi,2017-01-01,117.86827956989247,130.88978494623655,22.712365591397848,60.50739247311828,2275.4704301075267,54.96774193548387,153.48084677419354,Moderately Polluted
Shunyi,2017-02-01,70.23214285714286,80.24032738095238,19.554315476190478,50.182291666666664,1252.0833333333333,74.46428571428571,101.36696428571429,Lightly Polluted
Tiantan,2013-03-01,105.95900537634408,123.26209677419355,37.740912903225805,63.998876747311826,1564.6122311827955,81.81959018353727,141.99996945084487,Lightly Polluted
Tiantan,2013-04-01,60.97361111111111,90.94166666666666,21.311171111111108,43.57627166666666,983.45625,129.53496787878788,106.74889974155354,Lightly Polluted
Tiantan,2013-05-01,80.4133064516129,138.1209677419355,26.999327956989244,42.23588709677419,1116.1733870967741,155.47692016129034,125.46030944096908,Lightly Polluted
Tiantan,2013-06-01,110.45902777777778,133.7576388888889,15.27093111111111,48.78758333333334,1445.607638888889,149.55257500000002,159.29110642594225,Moderately Polluted
Tiantan,2013-07-01,69.29838709677419,84.125,6.993544623655914,43.41349838709677,1062.8817204301076,157.0996443548387,124.19275389527549,Lightly Polluted
Tiantan,2013-08-01,64.23790322580645,82.29502688172043,6.287343010752688,40.78017580645161,922.0430107526881,164.52040967741937,122.17289685892747,Lightly Polluted
Tiantan,2013-09-01,80.15694444444445,105.96458333333334,10.430247777777776,57.63909083333333,1326.6541666666667,107.43431583333333,118.68338740767237,Lightly Polluted
Tiantan,2013-10-01,95.06317204301074,118.75940860215053,13.325233333333333,65.6418688172043,1284.8118279569892,58.39610806451613,129.98630952380952,Lightly Polluted
Tiantan,2013-11-01,80.3861111111111,103.43333333333334,14.547222222222222,57.39444444444444,1533.6805555555554,35.69723,112.56840277777778,Lightly Polluted
Tiantan,2013-12-01,85.1263440860215,102.49462365591398,28.76018387096774,68.1073621639785,1877.9569892473116,33.817707258064516,120.51198253888248,Lightly Polluted
Tiantan,2014-01-01,99.91868279569893,125.86693548387096,48.54099462365591,73.70497311827957,1985.6182795698924,37.16196236559139,136.30367909260477,Lightly Polluted
Tiantan,2014-02-01,144.4233630952381,148.40029761904762,56.058035714285715,71.37946428571429,2208.8541666666665,49.72937246707193,184.01702998353593,Moderately Polluted
Tiantan,2014-03-01,94.1774193548387,127.75,33.526881720430104,65.48118279569891,1440.4569892473116,86.20564516129032,131.48065476190476,Lightly Polluted
Tiantan,2014-04-01,85.2986111111111,126.70138888888889,16.477083333333333,54.12638888888889,942.1527777777777,137.06666666666666,123.12595488021864,Lightly Polluted
Tiantan,2014-05-01,63.52486559139785,114.75456989247311,11.04614206226229,45.11451612903225,899.3279569892472,154.36693548387098,112.41110884541882,Lightly Polluted
Tiantan,2014-06-01,60.356944444444444,82.45208333333333,8.615514313440078,40.240972222222226,912.9861111111111,183.53958333333333,128.5165374232641,Lightly Polluted
Tiantan,2014-07-01,91.88776881720429,115.53494623655915,6.853494623655914,36.51948924731183,1012.7688172043011,177.89112903225808,148.62197329165275,Lightly Polluted
Tiantan,2014-08-01,65.8771505376344,82.84529569892474,5.460752688172043,43.45779569892473,923.7231182795699,177.78478739002932,128.15163075090118,Lightly Polluted
Tiantan,2014-09-01,68.29722222222222,85.30972222222222,7.7,50.08277777777778,1084.7916666666667,113.53333333333333,105.66565664208673,Lightly Polluted
Tiantan,2014-10-01,114.52620967741936,137.1673387096774,10.459677419354838,71.42674731182795,1423.3870967741937,56.689516129032256,152.4281778033794,Moderately Polluted
Tiantan,2014-11-01,88.8611111111111,126.48069444444445,10.677777777777777,62.71,1601.5277777777776,37.74791666666667,122.84063492063493,Lightly Polluted
Tiantan,2014-12-01,67.2986559139785,107.4084005376344,24.206451612903226,60.57573924731182,1685.483870967742,43.037499999999994,102.54704472514813,Lightly Polluted
Tiantan,2015-01-01,101.55551075268816,115.31115591397848,29.099059139784945,68.42473118279571,1873.72311827957,46.328629032258064,134.81326804915514,Lightly Polluted
Tiantan,2015-02-01,96.31175595238095,121.28571428571429,22.690476190476193,51.60267857142857,1436.607142857143,67.94196428571429,132.91848958333333,Lightly Polluted
Tiantan,2015-03-01,87.60940860215052,136.75981182795698,18.877016129032253,51.520564516129035,1159.6102150537633,103.98252688172043,126.6207277265745,Lightly Polluted
Tiantan,2015-04-01,73.30208333333333,110.49069444444444,8.871527777777777,44.227777777777774,780.0694444444445,146.32291666666666,115.90088303586714,Lightly Polluted
Tiantan,2015-05-01,53.60349462365591,94.02755376344085,10.008736559139784,42.579301075268816,734.2069892473119,172.03225806451613,116.83214365374928,Lightly Polluted
Tiantan,2015-06-01,62.145833333333336,79.8586111111111,7.013194444444445,42.10972222222222,1268.9583333333333,169.35958333333335,120.15130579401766,Lightly Polluted
Tiantan,2015-07-01,63.8010752688172,75.7002688172043,5.145833333333334,41.46975806451613,936.3575268817204,184.29301075268816,130.89375190248197,Lightly Polluted
Tiantan,2015-08-01,47.37231182795699,60.74193548387097,5.317876344086021,36.924731182795696,871.7069892473119,168.59475806451613,112.54715533889556,Lightly Polluted
Tiantan,2015-09-01,49.30416666666667,61.922916666666666,6.306944444444444,48.90625,888.8888888888889,110.63125,87.80776717691442,Good
Tiantan,2015-10-01,71.94825268817203,88.94086021505376,5.331989247311828,56.20295698924731,974.7311827956988,78.57661290322581,105.61317204301075,Lightly Polluted
Tiantan,2015-11-01,121.15694444444443,125.95347222222222,10.854861111111111,60.79305555555556,1875.3472222222222,25.425,155.33886904761906,Moderately Polluted
Tiantan,2015-12-01,157.4616935483871,164.08198924731184,12.736559139784946,79.05846774193549,2828.494623655914,22.754032258064516,199.99083141321046,Moderately Polluted
Tiantan,2016-01-01,71.5880376344086,87.30040322580645,18.10013440860215,60.17674731182796,1591.532258064516,42.340725806451616,104.7893337173579,Lightly Polluted
Tiantan,2016-02-01,44.742097701149426,60.992097701149426,12.897270114942527,40.372844827586206,925.2155172413793,71.32543103448276,74.77914614121511,Good
Tiantan,2016-03-01,90.49260752688171,124.98655913978494,15.91263440860215,60.71908602150537,1225.3360215053763,85.93346774193549,130.3267945826499,Lightly Polluted
Tiantan,2016-04-01,65.8125,112.10763888888889,11.263888888888888,44.989583333333336,847.9166666666666,125.63472222222222,103.82991017927458,Lightly Polluted
Tiantan,2016-05-01,48.96102150537634,88.12836021505376,9.251344086021506,36.067204301075265,702.2849462365591,171.34576612903226,115.3614841309667,Lightly Polluted
Tiantan,2016-06-01,62.451388888888886,81.20416666666667,6.078472222222222,36.08611111111111,786.8055555555555,176.39375,122.89301256358989,Lightly Polluted
Tiantan,2016-07-01,71.19153225806451,76.56854838709677,4.674731182795699,32.372311827956985,964.247311827957,154.90322580645162,116.8372169963716,Lightly Polluted
Tiantan,2016-08-01,48.28360215053763,58.77150537634409,3.1169354838709675,35.185483870967744,881.0483870967741,144.26854838709676,101.15611923598979,Lightly Polluted
Tiantan,2016-09-01,56.415277777777774,68.76805555555555,3.5708333333333333,47.009027777777774,836.875,118.63125,93.88999494318946,Good
Tiantan,2016-10-01,80.39650537634408,97.0396505376344,4.190188172043011,53.10349462365591,1214.3145161290322,52.04435483870968,111.84955837173578,Lightly Polluted
Tiantan,2016-11-01,99.84583333333333,130.69583333333333,7.998611111111111,68.00972222222222,1791.388888888889,29.66875,133.42612103174602,Lightly Polluted
Tiantan,2016-12-01,143.21370967741936,178.47043010752688,10.341397849462364,84.55510752688171,2552.6881720430106,25.808467741935484,184.82226382488477,Moderately Polluted
Tiantan,2017-01-01,121.5241935483871,153.09610215053763,14.127016129032258,71.11626344086021,2276.814516129032,40.270161290322584,160.6929915514593,Moderately Polluted
Tiantan,2017-02-01,71.78125,95.70758928571429,13.968005952380953,56.00744047619048,1192.782738095238,71.21383928571429,104.75930059523809,Lightly Polluted
Wanliu,2013-03-01,110.27284946236558,147.76075268817203,43.46997849462365,88.36415766129032,1665.0288978494623,57.521511290322586,154.9233228062596,Moderately Polluted
Wanliu,2013-04-01,66.54166666666667,108.54444444444445,25.89706111111111,72.48246152777777,899.5138888888889,89.56366083333334,109.2735805234396,Lightly Polluted
Wanliu,2013-05-01,92.97849462365592,129.81317204301075,24.67809139784946,70.11155913978493,1017.9677419354839,126.0579189516129,128.13563344854072,Lightly Polluted
Wanliu,2013-06-01,119.98055555555555,113.60277777777777,19.664975000000002,67.21905527777777,1633.879861111111,125.58500416666668,163.71605774283006,Moderately Polluted
Wanliu,2013-07-01,75.71438172043011,80.05174731182795,9.211751612903226,54.509771438172045,846.0241935483871,132.3676620967742,118.50375984468306,Lightly Polluted
Wanliu,2013-08-01,67.0369623655914,85.6518817204301,15.651762903225807,57.133003225806455,797.513440860215,147.59475806451613,118.43968500523818,Lightly Polluted
Wanliu,2013-09-01,86.82083333333334,102.27569444444445,13.324430000000001,67.78122069444444,1079.9958333333334,93.90631333333334,123.91300797683631,Lightly Polluted
Wanliu,2013-10-01,103.8508064516129,126.79569892473118,22.409725806451615,75.7613567876344,1315.3897849462367,45.58686706989248,140.18764616935482,Lightly Polluted
Wanliu,2013-11-01,87.34652777777778,112.98888888888888,21.647222222222222,58.36151493055556,1761.2491359944702,30.456749166666672,119.95839515707544,Lightly Polluted
Wanliu,2013-12-01,104.1491935483871,115.79301075268818,39.75393548387097,73.48273051075269,1886.6943845214803,27.087642002688177,136.6441090221625,Lightly Polluted
Wanliu,2014-01-01,110.05376344086021,141.52083333333331,59.48790322580645,91.96102150537634,2436.0887096774195,15.424065672043016,152.14414842549922,Moderately Polluted
Wanliu,2014-02-01,162.28199404761904,167.11532738095238,65.03497023809524,116.44270833333333,2615.550595238095,24.58660714285715,209.69012542517007,Heavily Polluted
Wanliu,2014-03-01,98.7385752688172,150.72177419354838,41.41263440860215,93.6021505376344,1547.5806451612902,65.61290322580645,143.32089093701995,Lightly Polluted
Wanliu,2014-04-01,92.45625,157.9138888888889,18.183333333333334,80.71111111111112,970.9722222222223,93.675,137.77001488095237,Lightly Polluted
Wanliu,2014-05-01,63.70403225806451,132.51827956989248,16.695430107526885,64.15658602150538,864.9193548387096,130.65725806451613,108.17853378470087,Lightly Polluted
Wanliu,2014-06-01,56.48125,86.80277777777776,7.697222222222222,51.43819444444444,732.0833333333334,147.76458333333332,104.31318030486462,Lightly Polluted
Wanliu,2014-07-01,91.19892473118279,122.00940860215053,11.420698924731184,53.58400537634408,802.5537634408603,148.39112903225808,139.1770348864731,Lightly Polluted
Wanliu,2014-08-01,66.04529569892473,103.4497311827957,9.409139784946237,58.89274193548387,745.6989247311828,143.55443548387098,111.3979724656153,Lightly Polluted
Wanliu,2014-09-01,66.12805555555556,96.90513888888889,10.240833333333335,65.52666666666667,877.2916666666666,78.59,104.2528980024213,Lightly Polluted
Wanliu,2014-10-01,127.55510752688171,163.9301075268817,11.59005376344086,94.02016129032258,1312.970430107527,30.493951612903242,173.2895497311828,Moderately Polluted
Wanliu,2014-11-01,92.55097222222223,144.7625,19.335416666666667,78.56222222222223,1883.611111111111,21.07569444444446,131.67302827380954,Lightly Polluted
Wanliu,2014-12-01,62.48051075268817,109.91935483870968,32.652016129032255,63.059811827956985,1891.532258064516,26.44193548387098,98.20532971253017,Good
Wanliu,2015-01-01,98.09153225806452,126.09677419354837,38.77177419354839,77.30793010752687,2246.6397849462364,21.197580645161306,136.62210061443932,Lightly Polluted
Wanliu,2015-02-01,93.65327380952381,127.93526785714286,30.775297619047617,73.35639880952381,1743.6011904761906,37.64285714285716,138.27402210884355,Lightly Polluted
Wanliu,2015-03-01,84.3331317204301,153.39012096774192,23.480577956989247,87.17414972481735,1282.52688172043,58.169354838709694,134.4630136328725,Lightly Polluted
Wanliu,2015-04-01,74.32291666666667,123.00277777777777,10.818055555555556,77.99296195102207,723.8194444444445,106.8513888888889,125.45509058269862,Lightly Polluted
Wanliu,2015-05-01,58.534274193548384,94.65658602150538,9.468413978494622,47.59543010752688,741.263440860215,164.91129032258064,112.07912138328237,Lightly Polluted
Wanliu,2015-06-01,61.450694444444444,83.13638888888889,8.371527777777777,41.75138888888889,1296.111111111111,169.37083333333334,120.660435315626,Lightly Polluted
Wanliu,2015-07-01,65.01680107526882,79.21908602150538,5.362903225806452,40.46102150537634,893.2795698924732,189.34274193548387,132.14506217489694,Lightly Polluted
Wanliu,2015-08-01,47.04435483870968,66.19422043010753,3.155241935483871,32.53225806451613,803.3602150537635,166.34274193548387,108.61493740636625,Lightly Polluted
Wanliu,2015-09-01,49.425,65.60902777777777,4.702083333333333,43.08958333333333,810.8333333333334,102.28958333333334,81.21211998923863,Good
Wanliu,2015-10-01,68.59408602150538,86.25537634408602,5.48252688172043,55.95161290322581,868.9516129032259,67.24193548387099,103.34614055299538,Lightly Polluted
Wanliu,2015-11-01,113.16944444444444,118.07708333333333,13.27638888888889,64.53472222222221,1955.0694444444443,20.12291666666668,147.05311011904763,Lightly Polluted
Wanliu,2015-12-01,149.67473118279568,156.49126344086022,25.325940860215052,79.83266129032258,2591.733870967742,21.73588709677421,190.46523137480798,Moderately Polluted
Wanliu,2016-01-01,67.05779569892472,81.86827956989247,23.284274193548388,58.54099462365591,2133.6693548387098,37.44354838709679,97.38131240399386,Good
Wanliu,2016-02-01,43.21192528735632,56.57614942528736,18.395833333333332,43.13505747126436,783.4770114942528,72.1293103448276,78.22634441707717,Good
Wanliu,2016-03-01,94.92204301075269,139.02284946236557,20.625672043010756,78.80174731182795,1278.225806451613,80.54032258064518,138.92952668970813,Lightly Polluted
Wanliu,2016-04-01,61.981944444444444,103.26736111111111,9.934027777777777,57.291666666666664,759.0972222222223,118.12291666666667,99.17635506854256,Good
Wanliu,2016-05-01,52.59005376344086,71.57392473118279,8.241263440860214,48.16935483870968,646.3037634408603,163.6834677419355,111.78448853349053,Lightly Polluted
Wanliu,2016-06-01,58.31875,75.1798611111111,5.186805555555555,48.92916666666666,746.3194444444445,179.52847222222223,122.86554925771027,Lightly Polluted
Wanliu,2016-07-01,70.86290322580645,79.75537634408603,2.864247311827957,42.40793010752688,807.6612903225806,158.47177419354838,117.12114133702092,Lightly Polluted
Wanliu,2016-08-01,45.203629032258064,57.868951612903224,2.3098118279569895,42.96639784946236,797.7822580645161,133.37836021505376,92.58709273572245,Good
Wanliu,2016-09-01,53.104861111111106,66.03611111111111,2.9680555555555554,48.72291666666667,782.0833333333334,106.89375,88.45895790150293,Good
Wanliu,2016-10-01,82.36357526881721,99.93817204301074,3.391801075268817,62.611559139784944,1138.5752688172045,47.066532258064534,115.33597350230414,Lightly Polluted
Wanliu,2016-11-01,98.79444444444444,134.7722222222222,10.655555555555557,75.21388888888889,1986.388888888889,29.77083333333335,134.14994047619047,Lightly Polluted
Wanliu,2016-12-01,126.52822580645162,147.0040322580645,20.19287634408602,91.2627688172043,2878.965053763441,30.917338709677434,167.24652457757296,Moderately Polluted
Wanliu,2017-01-01,115.72647849462365,133.2244623655914,20.267473118279568,75.08131720430109,2244.7580645161293,45.7701612903226,155.0561011904762,Moderately Polluted
Wanliu,2017-02-01,69.66517857142857,85.65699404761905,20.390625,62.44940476190476,1307.142857142857,66.09598214285715,105.26966411564626,Lightly Polluted
Wanshouxigong,2013-03-01,106.69892473118279,130.19354838709677,41.87512903225806,63.42521115591398,1561.5430107526884,69.95665645161291,142.31971006144394,Lightly Polluted
Wanshouxigong,2013-04-01,78.90347222222222,93.93055555555556,22.028302222222223,42.773760833333334,1003.4486111111111,87.20061083333333,109.11255732142857,Lightly Polluted
Wanshouxigong,2013-05-01,81.77016129032258,129.03360215053763,26.636590322580645,52.47221102150538,1100.5772849462367,136.41460322580647,118.02060372154726,Lightly Polluted
Wanshouxigong,2013-06-01,105.86944444444444,118.38680555555555,14.650079999999999,53.70585305555555,1583.5159722222222,137.54821553030303,151.17794251284425,Moderately Polluted
Wanshouxigong,2013-07-01,68.1505376344086,73.7271505376344,7.802751075268817,45.29311202956989,1227.0631720430108,165.1550201612903,128.28436829305366,Lightly Polluted
Wanshouxigong,2013-08-01,59.399193548387096,81.59274193548387,6.996331182795699,45.75651518817204,1076.1424731182794,169.71320806451612,123.08116051048884,Lightly Polluted
Wanshouxigong,2013-09-01,61.2875,117.49027777777776,13.51282,57.62965333333333,1366.0579741379308,110.84528,107.66766920109082,Lightly Polluted
Wanshouxigong,2013-10-01,98.98387096774194,133.95833333333331,15.549886559139784,73.5831689516129,1397.355858361142,62.43989163306451,134.88221966205836,Lightly Polluted
Wanshouxigong,2013-11-01,84.32222222222222,111.6861111111111,23.508333333333333,58.00138888888889,1575.4166666666667,34.687016846590915,113.73537851190477,Lightly Polluted
Wanshouxigong,2013-12-01,92.30712365591398,121.84543010752687,44.81695483870968,66.48270309139785,2217.47311827957,26.59358870967742,125.27348255088326,Lightly Polluted
Wanshouxigong,2014-01-01,117.00940860215053,156.1747311827957,61.87768817204301,80.44422043010753,2211.2903225806454,23.477150537634408,157.77419011959623,Moderately Polluted
Wanshouxigong,2014-02-01,157.79389880952382,176.3125,68.58482142857143,75.74107142857143,2460.4910714285716,35.947695035460995,199.25229591836734,Moderately Polluted
Wanshouxigong,2014-03-01,98.74260752688171,158.07056451612902,40.067204301075265,66.39381720430107,1489.1129032258063,88.56048387096774,139.7124519969278,Lightly Polluted
Wanshouxigong,2014-04-01,86.69375,141.15277777777777,18.763194444444444,54.91458333333333,1075.486111111111,133.58333333333334,125.34856108757063,Lightly Polluted
Wanshouxigong,2014-05-01,64.66787634408603,118.91881720430106,15.474462365591398,48.56169354838709,954.0322580645161,150.91397849462365,113.01647736925703,Lightly Polluted
Wanshouxigong,2014-06-01,58.03611111111111,81.17777777777778,6.340277777777777,46.40416666666667,990.2083333333334,180.03359375,124.91935123786288,Lightly Polluted
Wanshouxigong,2014-07-01,85.52755376344085,110.32862903225806,5.241935483870968,40.476478494623656,907.258064516129,178.07056451612902,143.01508161853636,Lightly Polluted
Wanshouxigong,2014-08-01,64.42137096774194,91.19086021505376,4.044623655913978,49.193010752688174,1027.1505376344087,173.09395161290323,122.83544361939319,Lightly Polluted
Wanshouxigong,2014-09-01,73.93791666666667,97.71708333333332,5.679166666666666,59.14722222222222,1162.5,112.19583333333334,108.90574173942818,Lightly Polluted
Wanshouxigong,2014-10-01,112.1236559139785,143.29166666666669,7.432795698924731,79.92069892473118,1439.516129032258,52.87925219941349,151.5469053198892,Moderately Polluted
Wanshouxigong,2014-11-01,103.08722222222222,142.11166666666668,14.213194444444444,77.10013888888889,1780.138888888889,39.31111111111111,140.0599255952381,Lightly Polluted
Wanshouxigong,2014-12-01,68.96196236559139,112.69610215053764,33.415053763440866,64.31263440860215,1883.9381720430108,44.224654377880185,103.70068164362519,Lightly Polluted
Wanshouxigong,2015-01-01,103.30147849462365,128.3918010752688,38.781317204301075,76.79274193548386,2011.6935483870968,41.82258064516129,139.12851862519202,Lightly Polluted
Wanshouxigong,2015-02-01,103.15997023809523,133.85119047619045,28.405505952380953,59.45833333333333,1557.142857142857,62.27232142857143,141.67881590136054,Lightly Polluted
Wanshouxigong,2015-03-01,87.66935483870968,154.65322580645162,23.27016129032258,59.79166666666667,1257.8629032258063,96.10282258064517,131.59139784946237,Lightly Polluted
Wanshouxigong,2015-04-01,72.45,119.97916666666667,9.696527777777778,49.65069444444444,836.0416666666666,128.271875,108.45863110524127,Lightly Polluted
Wanshouxigong,2015-05-01,54.47782258064516,93.51747311827957,9.009408602150538,41.76814516129032,774.7311827956989,152.90098566308245,102.51640814638282,Lightly Polluted
Wanshouxigong,2015-06-01,59.297916666666666,80.95555555555555,6.875,37.36597222222222,866.6666666666666,153.69305555555556,107.18248698394355,Lightly Polluted
Wanshouxigong,2015-07-01,61.66599462365591,77.34139784946237,4.935483870967742,38.19153225806452,978.2930107526881,161.09475806451613,114.33458494381384,Lightly Polluted
Wanshouxigong,2015-08-01,45.93884408602151,68.07190860215053,3.1061827956989245,35.482526881720425,911.9623655913979,169.44758064516128,111.82725231329972,Lightly Polluted
Wanshouxigong,2015-09-01,53.082638888888894,68.275,4.938888888888888,42.6,952.7777777777777,111.71428571428572,85.22676091269841,Good
Wanshouxigong,2015-10-01,76.83736559139786,98.7271505376344,5.426075268817205,55.763440860215056,1044.220430107527,76.6875,109.71431931643625,Lightly Polluted
Wanshouxigong,2015-11-01,125.73055555555555,131.6548611111111,14.54375,60.22222222222222,2089.1666666666665,23.95,160.119751984127,Moderately Polluted
Wanshouxigong,2015-12-01,168.67405913978493,179.74395161290323,24.29502688172043,75.63642473118279,3085.8870967741937,26.181675627240143,194.32683851766512,Moderately Polluted
Wanshouxigong,2016-01-01,75.26814516129032,88.44220430107528,24.372311827956988,52.98588709677419,1639.1129032258063,42.04838709677419,103.63294450844853,Lightly Polluted
Wanshouxigong,2016-02-01,48.43247126436782,60.015086206896555,17.173132183908045,34.48347701149425,935.5603448275862,71.39439655172414,75.45783045977012,Good
Wanshouxigong,2016-03-01,95.20967741935483,130.82258064516128,20.520833333333332,53.99932795698925,1223.7903225806451,83.86895161290323,133.523535906298,Lightly Polluted
Wanshouxigong,2016-04-01,66.72430555555555,109.25902777777779,11.221527777777776,40.99097222222222,831.6666666666666,121.25833333333334,102.42771594577738,Lightly Polluted
Wanshouxigong,2016-05-01,55.112231182795696,96.3340053763441,9.151881720430106,37.45833333333333,724.3279569892474,170.66129032258064,117.67350573956453,Lightly Polluted
Wanshouxigong,2016-06-01,63.07986111111111,80.79513888888889,5.2625,34.12430555555555,838.0555555555555,200.38622685185186,141.40148338275912,Lightly Polluted
Wanshouxigong,2016-07-01,74.42002688172043,82.05309139784946,3.3225806451612905,34.48521505376343,997.4462365591397,171.68951612903226,128.47999011536123,Lightly Polluted
Wanshouxigong,2016-08-01,50.663978494623656,64.59475806451613,2.6465053763440856,39.7271505376344,932.4596774193549,136.3326612903226,96.28565918203357,Good
Wanshouxigong,2016-09-01,58.722222222222214,70.39791666666666,2.7666666666666666,50.39236111111111,866.3888888888889,111.42986111111112,93.95565582237325,Good
Wanshouxigong,2016-10-01,83.90658602150538,95.0611559139785,3.3098118279569895,61.002016129032256,1246.4381720430108,47.399193548387096,115.17866743471582,Lightly Polluted
Wanshouxigong,2016-11-01,106.3875,136.3777777777778,10.468055555555557,71.47777777777779,1812.7777777777776,25.7875,140.41454365079366,Lightly Polluted
Wanshouxigong,2016-12-01,156.94758064516128,169.17809139784944,17.418010752688172,89.93682795698925,2604.6370967741937,27.5994623655914,198.90084485407067,Moderately Polluted
Wanshouxigong,2017-01-01,132.07258064516128,149.46908602150538,18.588709677419356,71.21034946236558,2251.4112903225805,41.29838709677419,169.37403033794163,Moderately Polluted
Wanshouxigong,2017-02-01,77.68675595238095,90.90625,18.539434523809522,56.470982142857146,1172.9910714285713,61.74888392857143,109.04796449829931,Lightly Polluted
